Time (sec),(TC) Steering Wheel Angle (degrees),Accel. Pedal Pos. (%),Ambient Air Temp. (F),Boost Pressure (psi),Charge Air Temp. (F),Clutch Pedal Pos. (%),Coolant Temp. (F),Engine RPM (RPM),Est. Horsepower (hp),Estimated Torque (ft-lb),Fuel Rail Temp. (F),Gear Current (Gear),Intake Air Temp. (F),Oil Temperature (F),Vehicle Speed (mph),"AP Info:[AP3-FOR-001 v1.7.5.0-25364][USDM 2013-2014 Focus ST (50S)][Reflash: Stage1 91 OCT or 95 RON v506.ptm]"
0.000,15.1,0,0.0,-8.25,105.6,100,186.8,0,0.0,0.0,121.8,15,109.2,157.2,0.0,0
0.044,15.1,0,79.8,-8.24,105.6,100,186.8,893,2.1,12.1,121.8,15,109.2,157.2,0.0,0
0.079,15.1,0,79.8,-8.23,105.6,100,186.8,892,2.1,12.2,121.8,15,109.2,157.2,0.0,0
0.115,15.1,0,79.8,-8.23,105.4,100,186.8,888,2.1,12.2,121.8,15,109.2,157.2,0.0,0
0.157,15.3,0,79.8,-8.24,105.4,100,186.8,891,2.1,12.2,121.8,15,109.2,157.2,0.0,0
0.203,15.3,4,79.8,-8.18,105.4,100,186.8,893,2.0,12.0,121.8,15,109.2,157.2,0.0,0
0.235,15.0,5,79.8,-8.16,105.4,100,186.8,894,2.2,12.7,121.8,15,109.2,157.2,0.0,0
0.283,15.0,6,79.8,-7.55,105.4,100,186.8,907,2.5,14.4,121.8,15,109.2,157.2,0.0,0
0.323,15.0,10,79.8,-7.14,105.4,100,186.8,915,3.5,19.8,121.8,15,109.2,157.2,0.0,0
0.368,15.6,14,79.8,-6.73,105.4,100,186.8,949,4.3,23.7,121.8,15,109.2,157.2,0.0,0
0.396,17.2,14,79.8,-5.94,105.4,100,186.8,974,5.3,28.6,121.8,15,109.2,157.2,0.0,0
0.440,19.4,16,79.8,-5.25,105.4,100,186.8,1000,6.3,32.8,121.8,15,109.2,157.2,0.0,0
0.476,22.1,16,79.8,-4.85,105.4,50,186.8,1069,8.9,43.7,121.8,15,109.2,157.2,0.0,0
0.526,25.5,17,79.8,-4.71,105.4,50,186.8,1111,9.9,46.6,121.8,15,109.2,157.2,0.0,0
0.564,28.9,17,79.8,-4.34,105.4,50,186.8,1198,11.8,51.6,121.8,15,109.2,157.2,0.0,0
0.595,32.5,17,79.8,-4.17,105.4,50,186.8,1292,13.4,54.6,121.8,15,109.2,157.2,0.0,0
0.638,36.3,17,79.8,-4.03,105.4,50,186.8,1386,15.1,57.2,121.8,15,109.2,157.2,0.0,0
0.675,39.8,17,79.8,-3.90,105.4,50,186.8,1431,16.2,59.7,121.8,15,109.2,157.2,0.0,0
0.715,43.3,17,79.8,-3.87,105.3,50,186.8,1560,17.4,58.5,121.8,15,109.2,157.2,0.0,0
0.763,46.8,17,79.8,-3.72,105.3,50,186.8,1640,18.6,59.7,121.8,15,109.2,157.2,0.0,0
0.812,50.1,17,79.8,-3.54,105.3,50,186.8,1713,20.0,61.4,121.8,15,109.2,157.2,0.0,0
0.837,53.2,17,79.8,-3.49,105.3,50,186.8,1781,20.8,61.4,121.8,15,109.2,157.2,0.0,0
0.878,56.0,18,79.8,-3.45,105.3,50,186.8,1867,21.6,60.6,121.8,15,109.2,157.2,0.0,0
0.923,58.8,18,79.8,-3.27,105.3,50,186.8,1917,22.0,60.4,121.8,15,109.2,157.2,0.0,0
0.958,61.5,18,79.8,-3.13,105.3,50,186.8,1986,23.4,62.0,121.8,15,109.2,157.2,0.0,0
0.996,64.0,18,79.8,-2.92,105.3,50,186.8,2044,24.4,62.8,121.8,15,109.2,157.2,0.0,0
1.036,66.7,18,79.8,-2.75,105.3,50,186.8,2081,25.2,63.7,121.8,15,109.2,157.2,0.0,0
1.075,69.5,18,79.8,-2.56,105.3,50,186.8,2134,26.9,66.1,121.8,15,109.2,157.2,0.0,0
1.118,72.3,18,79.8,-2.40,105.3,50,186.8,2180,27.6,66.4,121.8,15,109.2,157.2,0.0,0
1.164,75.2,18,79.8,-2.22,105.3,50,186.8,2222,28.4,67.0,121.8,15,109.2,157.2,0.0,0
1.197,77.8,18,79.8,-2.15,105.3,50,186.8,2252,28.9,67.5,121.8,15,109.2,157.2,0.0,0
1.244,80.0,18,79.8,-2.11,105.3,50,186.8,2277,29.6,68.2,121.8,15,109.2,157.2,0.2,0
1.278,81.8,18,79.8,-2.18,105.3,50,186.8,2291,29.4,67.4,121.8,15,109.2,157.2,0.3,0
1.323,83.0,18,79.8,-2.22,105.3,50,186.8,2299,29.7,67.8,121.8,15,109.2,157.2,0.6,0
1.356,84.1,18,79.8,-2.28,105.3,50,186.8,2298,29.6,67.8,121.8,15,109.2,157.2,0.8,0
1.403,84.7,18,79.8,-2.32,105.3,50,187.0,2294,29.6,67.8,121.8,15,109.5,157.2,0.9,0
1.435,85.1,18,79.8,-2.38,105.3,50,187.0,2283,29.4,67.6,121.8,15,109.5,157.3,1.2,0
1.480,85.1,18,79.8,-2.41,105.3,50,187.0,2274,29.3,67.6,121.8,15,109.5,157.3,1.4,0
1.516,85.1,18,79.8,-2.42,105.3,50,187.0,2263,29.2,67.8,121.8,15,109.5,157.3,1.5,0
1.562,85.1,18,79.8,-2.44,105.3,50,187.0,2248,29.1,68.1,121.8,15,109.5,157.3,1.8,0
1.597,85.1,18,79.8,-2.46,105.3,50,187.0,2238,29.0,68.0,121.8,15,109.5,157.3,2.0,0
1.643,85.1,18,79.8,-2.50,105.3,50,187.0,2224,28.7,67.9,121.8,15,109.5,157.3,2.1,0
1.676,85.1,18,79.8,-2.54,105.3,50,187.0,2218,28.4,67.3,121.8,15,109.5,157.3,2.4,0
1.721,85.2,18,79.8,-2.53,105.3,50,187.0,2208,28.4,67.4,121.8,15,109.5,157.3,2.5,0
1.755,85.4,18,79.8,-2.57,105.3,50,187.0,2197,28.2,67.5,121.8,15,109.5,157.3,2.6,0
1.803,85.5,18,79.8,-2.59,105.3,50,187.0,2187,28.0,67.1,121.8,15,109.5,157.3,2.9,0
1.836,85.5,18,79.8,-2.59,105.3,50,187.0,2174,27.8,67.3,121.8,15,109.5,157.3,3.1,0
1.881,85.5,18,79.8,-2.63,105.3,50,187.0,2160,27.5,67.0,121.8,15,109.5,157.3,3.2,0
1.916,85.2,18,79.8,-2.61,105.4,50,187.0,2143,27.4,67.2,121.8,15,109.5,157.3,3.5,0
1.956,84.6,18,79.8,-2.60,105.4,50,187.0,2130,27.3,67.3,121.8,15,109.5,157.3,3.6,0
2.003,83.9,18,79.8,-2.63,105.4,50,187.0,2107,27.0,67.3,121.8,15,109.5,157.3,3.8,0
2.038,83.1,18,79.8,-2.58,105.4,50,187.0,2093,27.0,67.6,121.8,15,109.5,157.3,4.0,0
2.083,82.0,18,79.8,-2.59,105.4,50,187.0,2076,26.7,67.6,121.8,15,109.5,157.3,4.2,0
2.117,80.9,18,79.8,-2.55,105.4,50,187.0,2047,26.5,68.1,121.8,15,109.5,157.3,4.3,0
2.161,79.4,18,79.8,-2.57,105.4,50,187.0,2024,26.1,67.7,121.8,15,109.5,157.3,4.6,0
2.196,77.7,18,79.8,-2.59,105.4,50,187.0,2006,25.9,67.9,121.8,15,109.5,157.3,4.8,0
2.242,75.9,18,79.8,-2.57,105.4,50,187.0,1974,25.4,67.6,121.8,15,109.7,157.3,4.9,0
2.276,74.2,18,79.8,-2.53,105.4,50,187.0,1949,25.3,68.2,121.8,15,109.7,157.3,5.2,0
2.321,72.5,18,79.8,-2.48,105.4,50,187.0,1912,24.9,68.4,121.8,15,109.7,157.3,5.4,0
2.357,70.9,18,79.8,-2.46,105.4,50,187.0,1863,24.2,68.3,121.8,15,109.7,157.3,5.6,0
2.403,69.5,18,79.8,-2.42,105.4,50,187.0,1829,23.9,68.7,121.8,15,109.7,157.4,5.9,0
2.442,68.0,18,79.8,-2.35,105.4,50,187.0,1792,23.2,67.9,121.8,15,109.7,157.4,6.1,0
2.477,66.3,18,79.8,-2.22,105.4,50,187.0,1731,22.7,68.9,121.8,15,109.7,157.4,6.3,0
2.521,64.6,18,79.8,-2.20,105.4,50,187.0,1685,22.3,69.6,121.8,15,109.7,157.4,6.6,0
2.565,62.7,14,79.8,-2.15,105.4,50,187.0,1633,22.0,70.7,121.8,15,109.7,157.4,6.8,0
2.598,60.5,0,79.8,-2.31,105.4,50,187.0,1570,20.3,67.8,121.8,15,109.7,157.4,7.0,0
2.635,58.7,0,79.8,-3.61,105.4,50,187.0,1483,14.8,52.4,121.8,15,109.7,157.4,7.3,0
2.679,56.9,0,79.8,-4.99,105.4,50,187.0,1375,8.7,33.3,121.8,15,109.7,157.4,7.5,0
2.724,55.2,0,79.8,-5.91,105.4,50,187.0,1235,5.9,24.9,121.8,15,109.7,157.4,7.7,0
2.759,53.9,0,79.8,-6.48,105.4,50,187.0,1189,4.8,21.2,121.8,15,109.7,157.4,7.7,0
2.804,52.2,0,79.8,-7.14,105.4,50,187.0,1188,3.6,15.9,121.8,15,109.7,157.4,7.9,0
2.838,49.9,0,79.8,-7.81,105.4,50,187.0,1190,3.3,14.5,121.8,15,109.7,157.4,7.8,0
2.883,46.9,0,79.8,-8.11,105.4,100,187.0,1189,2.5,11.0,121.8,15,109.7,157.4,8.0,0
2.918,43.4,0,79.8,-8.41,105.4,100,187.0,1161,2.2,10.0,121.8,15,109.7,157.4,8.0,0
2.964,39.8,0,79.8,-8.45,105.4,100,187.0,1151,2.5,11.2,121.8,15,109.7,157.4,8.0,0
2.997,35.7,0,79.8,-8.38,105.4,100,187.0,1169,2.6,11.8,121.8,15,109.7,157.4,8.0,0
3.042,31.1,0,79.8,-8.38,105.4,100,187.0,1183,2.7,12.0,121.8,15,109.7,157.4,8.1,0
3.077,26.6,0,79.8,-8.43,105.4,100,187.0,1192,2.7,11.9,121.8,15,109.7,157.4,8.1,0
3.116,21.3,0,79.8,-8.47,105.4,100,187.0,1190,2.6,11.3,121.8,15,109.7,157.4,8.0,0
3.161,15.6,0,79.8,-8.59,105.4,100,187.0,1190,2.4,10.7,121.8,15,109.7,157.4,8.0,0
3.198,9.6,0,79.8,-8.66,105.4,100,187.0,1183,2.2,10.0,121.8,15,109.7,157.4,8.1,0
3.244,3.2,0,79.8,-8.70,105.4,100,187.0,1181,2.2,9.6,121.8,15,109.7,157.4,8.1,0
3.277,2.9,0,79.8,-8.80,105.4,100,187.0,1169,2.0,9.1,121.8,15,109.7,157.4,8.0,0
3.323,8.6,0,79.8,-8.85,105.4,100,187.0,1159,1.8,8.3,121.8,15,109.7,157.4,8.1,0
3.357,13.9,0,79.8,-8.90,105.4,100,187.0,1149,1.7,7.8,121.8,15,109.7,157.4,8.1,0
3.403,18.7,0,79.8,-8.93,105.4,100,187.0,1144,1.7,7.7,121.8,15,109.7,157.4,8.1,0
3.437,23.9,0,79.8,-8.97,105.3,100,187.0,1128,1.6,7.2,121.8,15,109.7,157.4,8.1,0
3.476,29.8,0,79.8,-8.97,105.3,100,187.0,1117,1.5,7.1,121.8,15,109.7,157.4,8.1,0
3.523,35.8,0,79.8,-8.98,105.3,100,187.0,1091,1.4,6.9,121.8,15,109.7,157.5,8.1,0
3.556,41.4,0,79.8,-8.99,105.3,100,187.0,1079,1.4,6.8,121.8,15,109.7,157.5,8.1,0
3.595,46.3,0,79.8,-8.99,105.3,100,187.0,1063,1.4,6.9,121.8,15,109.7,157.5,8.1,0
3.638,50.1,0,79.8,-8.96,105.3,100,187.0,1049,1.4,6.9,121.8,15,109.7,157.5,8.1,0
3.682,52.9,0,79.8,-8.92,105.3,100,187.0,1040,1.4,7.2,121.8,15,109.7,157.5,8.1,0
3.716,54.9,0,79.8,-8.88,105.3,100,187.0,1023,1.5,7.7,121.8,15,109.7,157.5,8.1,0
3.762,56.3,0,79.8,-8.83,105.3,100,187.0,1010,1.5,7.9,121.8,15,109.7,157.5,8.1,0
3.795,57.6,0,79.8,-8.77,105.3,100,187.0,1001,1.6,8.3,121.8,15,109.7,157.5,8.1,0
3.839,59.1,0,79.8,-8.76,105.3,100,187.0,993,1.6,8.5,121.8,15,109.7,157.5,8.1,0
3.883,60.9,0,79.8,-8.71,105.3,100,187.0,990,1.7,8.9,121.8,15,109.7,157.5,8.1,0
3.917,63.0,0,80.1,-8.69,105.3,100,187.0,994,1.7,9.0,121.8,15,109.7,157.5,8.1,0
3.962,65.1,0,80.1,-8.66,105.3,100,187.0,988,1.8,9.4,121.8,15,109.7,157.5,8.1,0
3.996,67.2,0,80.1,-8.66,105.3,100,187.0,977,1.8,9.4,121.8,15,109.7,157.5,8.1,0
4.043,68.4,0,79.8,-8.63,105.1,100,187.0,974,1.8,9.5,121.9,15,109.7,157.5,8.2,0
4.076,68.5,0,79.8,-8.62,105.1,100,187.0,971,1.8,9.9,121.9,15,109.7,157.5,8.1,0
4.125,67.6,0,79.8,-8.59,105.1,100,187.0,965,1.8,10.0,121.9,15,109.7,157.5,8.1,0
4.159,65.8,0,79.8,-8.56,105.1,100,187.0,969,1.9,10.1,121.9,15,109.7,157.5,8.1,0
4.203,63.3,0,79.8,-8.55,105.1,100,187.0,964,1.9,10.2,121.9,15,109.7,157.5,8.1,0
4.238,60.6,0,79.8,-8.54,105.1,100,187.0,958,1.9,10.3,121.9,15,109.7,157.5,8.1,0
4.283,58.0,0,79.8,-8.52,105.1,100,187.0,958,1.9,10.4,121.9,15,109.7,157.5,8.1,0
4.317,55.8,0,79.8,-8.49,105.1,100,187.0,953,1.9,10.6,121.9,15,109.5,157.5,8.0,0
4.362,53.9,0,79.8,-8.45,105.1,100,187.0,936,1.9,10.6,121.9,15,109.5,157.5,7.9,0
4.396,52.6,0,79.8,-8.45,105.1,100,187.0,932,1.9,10.9,121.9,15,109.5,157.5,7.9,0
4.440,51.5,0,79.8,-8.43,105.1,100,187.0,926,2.0,11.1,121.9,15,109.5,157.5,7.8,0
4.477,50.1,0,79.8,-8.41,105.1,100,187.0,930,2.0,11.2,121.9,15,109.5,157.5,7.7,0
4.523,48.5,0,79.8,-8.38,105.1,100,187.0,934,2.0,11.3,121.9,15,109.5,157.5,7.7,0
4.557,46.5,0,79.8,-8.38,105.1,100,187.0,941,2.1,11.5,121.9,15,109.5,157.5,7.5,0
4.603,44.4,0,79.8,-8.33,105.1,100,187.0,945,2.1,11.7,121.9,15,109.5,157.5,7.4,0
4.637,42.0,0,79.8,-8.34,104.9,100,187.0,935,2.1,11.9,121.9,15,109.5,157.5,7.2,0
4.675,39.5,0,79.8,-8.33,104.9,100,187.0,936,2.1,11.9,121.9,15,109.5,157.5,7.1,0
4.719,37.0,0,79.8,-8.32,104.9,100,187.0,932,2.1,11.9,121.9,15,109.5,157.5,7.0,0
4.763,34.7,0,79.8,-8.32,104.9,100,187.0,929,2.1,11.9,121.9,15,109.5,157.5,6.9,0
4.797,32.2,0,79.8,-8.31,104.9,100,187.0,936,2.1,11.9,121.9,15,109.7,157.5,6.7,0
4.841,29.8,0,79.8,-8.30,104.9,100,187.0,935,2.1,12.1,121.9,15,109.7,157.5,6.6,0
4.878,27.4,0,79.8,-8.29,104.9,100,187.0,933,2.2,12.2,121.9,15,109.7,157.5,6.4,0
4.923,24.7,0,79.8,-8.29,104.9,100,187.0,934,2.2,12.2,121.9,15,109.7,157.5,6.2,0
4.957,21.8,0,79.8,-8.28,104.9,100,187.0,927,2.2,12.2,121.9,15,109.7,157.5,6.1,0
5.003,18.8,0,79.8,-8.24,104.9,100,187.0,924,2.2,12.3,121.9,15,109.7,157.5,6.0,0
5.039,15.9,0,79.8,-8.22,104.9,100,187.0,908,2.2,12.7,121.9,15,109.7,157.5,5.7,0
5.084,12.8,0,79.8,-8.18,104.9,100,187.0,908,2.2,12.8,121.9,15,109.7,157.5,5.6,0
5.117,9.5,0,80.1,-8.15,104.9,100,187.0,913,2.2,13.0,121.9,15,109.7,157.5,5.5,0
5.155,6.1,0,80.1,-8.14,104.9,100,187.0,915,2.3,13.1,121.9,15,109.7,157.5,5.2,0
5.199,2.9,0,80.1,-8.09,104.9,100,187.0,924,2.3,13.1,121.9,15,109.7,157.5,5.0,0
5.244,1.4,0,79.8,-8.08,104.9,100,187.0,927,2.4,13.4,121.9,15,109.5,157.6,4.9,0
5.277,1.5,0,79.8,-8.08,104.9,100,187.0,927,2.4,13.4,121.9,15,109.5,157.6,4.6,0
5.325,2.2,0,79.8,-8.06,104.9,100,187.0,929,2.4,13.5,121.9,15,109.7,157.6,4.4,0
5.359,2.8,0,79.8,-8.06,104.9,100,187.0,936,2.4,13.6,121.9,15,109.7,157.6,4.3,0
5.404,3.2,0,79.8,-8.05,104.9,100,187.0,937,2.4,13.6,121.9,15,109.7,157.6,4.0,0
5.439,3.1,0,80.1,-8.06,104.9,100,187.0,944,2.5,13.7,121.9,15,109.7,157.6,3.8,0
5.484,2.7,0,80.1,-8.04,104.9,100,187.0,947,2.5,13.6,121.9,15,109.7,157.6,3.6,0
5.517,2.0,0,80.1,-8.05,104.9,100,187.0,955,2.5,13.8,121.9,15,109.5,157.6,3.4,0
5.562,1.1,0,80.1,-8.07,104.9,100,187.0,963,2.5,13.6,121.9,15,109.5,157.6,3.2,0
5.597,0.8,0,80.1,-8.09,104.9,100,187.0,962,2.5,13.6,121.9,15,109.5,157.6,2.9,0
5.642,0.8,0,79.8,-8.10,104.9,100,187.0,964,2.5,13.5,121.9,15,109.5,157.6,2.7,0
5.677,0.8,0,79.8,-8.13,104.9,100,187.0,961,2.5,13.4,121.9,15,109.5,157.6,2.5,0
5.724,0.8,0,80.1,-8.16,104.9,100,187.0,962,2.4,13.3,121.9,15,109.7,157.6,2.4,0
5.758,0.8,0,80.1,-8.18,104.9,100,187.0,962,2.4,13.1,121.9,15,109.7,157.6,2.1,0
5.803,0.8,0,80.1,-8.20,104.9,100,187.0,951,2.3,12.9,121.9,15,109.7,157.6,1.9,0
5.837,0.8,0,79.8,-8.22,104.5,100,187.0,943,2.3,12.8,121.9,15,109.5,157.6,1.8,0
5.875,0.8,0,79.8,-8.23,104.5,100,187.0,943,2.3,12.7,121.9,15,109.5,157.6,1.5,0
5.919,0.8,0,80.1,-8.24,104.5,100,187.0,940,2.3,12.6,121.9,15,109.7,157.6,1.3,0
5.963,0.8,0,80.1,-8.25,104.5,100,187.0,942,2.3,12.6,121.9,15,109.7,157.6,1.2,0
5.999,0.8,0,80.1,-8.25,104.5,100,187.0,939,2.2,12.5,121.9,15,109.5,157.6,1.0,0
6.044,0.8,0,80.1,-8.24,104.5,100,187.0,929,2.2,12.5,121.9,15,109.5,157.6,0.8,0
6.079,0.8,0,80.1,-8.24,104.5,100,187.0,930,2.2,12.5,121.9,15,109.5,157.6,0.7,0
6.124,0.5,0,80.1,-8.23,104.5,100,187.0,925,2.2,12.6,121.9,15,109.7,157.6,0.6,0
6.157,0.1,0,79.8,-8.23,104.5,100,187.0,917,2.2,12.6,121.9,15,109.7,157.6,0.3,0
6.203,0.8,0,79.8,-8.22,104.5,100,187.0,918,2.2,12.6,121.9,15,109.7,157.6,0.2,0
6.235,1.6,0,79.8,-8.21,104.5,100,187.0,921,2.2,12.7,121.9,15,109.7,157.6,0.1,0
6.283,1.6,0,79.8,-8.21,104.5,100,187.0,925,2.2,12.8,121.9,15,109.7,157.6,0.1,0
6.318,0.9,0,80.1,-8.20,104.5,100,187.0,922,2.2,12.8,121.9,15,109.7,157.6,0.0,0
6.355,0.0,0,80.1,-8.19,104.5,100,187.0,923,2.3,12.8,121.9,15,109.7,157.6,0.0,0
6.399,0.8,0,80.1,-8.18,104.5,100,187.0,928,2.3,12.8,121.9,15,109.7,157.6,0.0,0
6.443,1.0,0,80.1,-8.19,104.5,100,187.0,919,2.3,12.9,121.9,15,109.7,157.6,0.0,0
6.477,0.6,0,80.1,-8.19,104.5,100,187.0,919,2.2,12.8,121.9,15,109.7,157.6,0.0,0
6.522,0.0,0,80.1,-8.19,104.5,100,187.0,916,2.2,12.8,121.9,15,109.7,157.6,0.0,0
6.558,0.4,0,80.1,-8.18,104.5,100,187.0,911,2.2,12.9,121.9,15,109.7,157.6,0.0,0
6.603,0.6,0,80.1,-8.17,104.5,100,187.0,913,2.2,12.9,121.9,15,109.7,157.6,0.0,0
6.638,0.9,6,80.1,-8.16,104.5,100,187.0,908,2.2,13.0,121.9,15,109.7,157.6,0.0,0
6.683,1.0,68,80.1,-7.99,104.5,100,187.0,907,2.4,14.1,121.9,15,109.7,157.6,0.0,0
6.717,0.8,100,80.1,-5.08,104.5,100,187.0,919,7.5,42.8,121.9,15,109.7,157.6,0.0,0
6.763,0.6,100,80.1,-0.59,104.5,100,187.0,926,15.6,88.4,121.9,15,109.7,157.6,0.0,0
6.798,0.6,100,80.1,-0.14,104.4,100,187.0,965,18.2,99.1,121.9,15,109.7,157.6,0.0,0
6.842,0.6,100,80.1,-0.14,104.4,100,187.0,1115,21.4,101.0,121.9,15,109.7,157.6,0.0,0
6.877,0.6,100,80.1,-0.19,104.4,100,187.0,1287,24.5,99.8,121.9,15,109.7,157.6,0.0,0
6.923,0.6,100,80.1,-0.21,104.4,100,187.0,1457,28.5,102.7,121.9,15,109.7,157.6,0.0,0
6.957,0.6,100,80.1,-0.21,104.4,100,187.0,1613,32.1,104.7,121.9,15,109.7,157.6,0.0,0
7.002,0.6,100,80.1,-0.21,104.4,100,187.0,1767,33.5,99.6,121.9,15,109.7,157.6,0.0,0
7.038,0.6,100,80.1,-0.17,104.5,100,187.0,1906,36.1,99.5,121.9,15,109.7,157.7,0.0,0
7.082,0.9,100,80.1,-0.07,104.5,100,187.0,2089,39.6,99.6,121.9,15,109.7,157.7,0.0,0
7.127,1.3,100,80.1,-0.00,104.4,100,187.0,2257,41.8,97.2,121.9,15,109.7,157.7,0.0,0
7.156,1.3,100,80.1,0.11,104.4,100,187.0,2416,44.9,97.7,121.9,15,109.7,157.7,0.0,0
7.199,1.2,100,80.1,0.29,104.4,100,187.0,2615,48.5,97.5,121.9,15,109.7,157.7,0.0,0
7.244,1.2,100,80.1,0.59,104.4,100,187.0,2643,49.7,98.8,121.9,15,109.7,157.7,0.0,0
7.278,1.2,100,80.1,0.88,104.4,100,187.0,2603,46.7,94.3,121.9,15,109.7,157.7,0.0,0
7.323,1.2,100,80.1,0.91,104.5,100,187.0,2578,46.7,95.1,121.9,15,109.7,157.7,0.0,0
7.362,1.2,100,80.1,0.94,104.5,100,187.0,2537,47.1,97.5,121.9,15,109.7,157.7,0.0,0
7.398,1.2,100,80.1,0.96,104.5,100,187.0,2510,47.7,99.7,121.9,15,109.7,157.7,0.0,0
7.443,1.2,100,80.1,0.96,104.5,100,187.0,2479,47.9,101.4,121.9,15,109.7,157.7,0.0,0
7.478,1.2,100,80.1,0.95,104.5,100,187.0,2623,51.9,103.9,121.9,15,109.7,157.7,0.0,0
7.523,1.2,100,80.1,1.36,104.9,100,187.0,2632,56.9,113.4,121.9,15,109.7,157.7,0.0,0
7.561,1.2,100,80.1,1.55,104.9,100,187.0,2645,59.8,118.7,121.9,15,109.7,157.7,0.0,0
7.598,1.2,100,80.1,1.65,104.9,100,187.0,2613,58.5,117.6,121.9,15,109.7,157.7,0.0,0
7.643,1.2,100,80.1,1.61,104.9,100,187.0,2573,56.1,114.6,122.0,15,110.0,157.7,0.0,0
7.678,1.2,100,80.1,1.61,104.9,100,187.0,2547,55.8,115.1,122.0,15,110.0,157.7,0.0,0
7.723,1.2,100,80.1,1.57,105.1,100,187.0,2515,55.6,116.2,122.0,15,110.0,157.7,0.2,0
7.762,1.2,100,80.1,1.52,105.1,100,187.0,2476,55.0,116.6,122.0,15,110.0,157.7,0.3,0
7.797,1.2,100,80.1,1.46,105.1,100,187.0,2652,58.6,115.9,122.0,15,110.0,157.7,0.1,0
7.842,1.0,100,80.1,2.00,105.1,100,187.0,2685,62.5,122.3,122.0,15,110.0,157.7,0.1,0
7.877,0.5,100,80.1,2.22,105.1,75,187.0,2682,65.9,129.1,122.0,15,110.0,157.7,0.0,0
7.922,0.2,100,80.1,2.22,105.3,50,187.0,2644,64.0,127.2,122.0,15,110.0,157.7,0.0,0
7.965,1.1,100,80.1,2.18,105.3,0,187.0,2565,61.3,125.5,122.0,15,110.0,157.7,0.0,0
7.999,1.5,100,80.1,2.31,105.4,0,187.0,1860,45.4,128.1,122.0,15,110.0,157.7,0.3,0
8.037,2.1,100,80.1,2.26,105.4,0,187.0,1648,39.2,124.9,122.0,15,110.0,157.7,10.5,0
8.084,2.7,100,80.1,2.15,105.4,0,187.0,1884,41.7,116.2,122.0,15,110.0,157.7,7.8,0
8.119,2.4,100,80.1,1.79,105.4,0,187.0,1574,38.5,128.6,122.0,15,110.3,157.8,8.3,0
8.158,2.8,100,80.1,1.28,105.4,0,187.0,1734,36.4,110.2,122.0,15,110.3,157.8,8.2,0
8.216,2.9,100,80.1,0.53,105.4,0,187.0,1465,28.0,100.3,122.0,15,110.3,157.8,8.7,0
8.239,3.5,100,80.1,-0.32,105.6,0,187.0,1378,24.1,91.9,122.0,15,110.3,157.8,9.9,0
8.277,4.4,100,80.1,-0.62,105.6,0,187.0,1200,20.9,91.5,122.0,15,110.3,157.8,7.4,0
8.323,5.0,100,80.1,1.05,106.0,0,187.0,1109,23.3,110.4,122.0,15,110.3,157.8,7.5,0
8.362,5.3,100,80.1,2.70,106.0,0,187.0,1041,27.7,139.6,122.0,15,110.3,157.8,6.7,0
8.397,5.6,100,80.1,2.66,106.0,0,187.0,988,27.1,144.1,122.0,15,110.5,157.8,6.5,0
8.441,5.9,100,80.1,1.89,106.0,0,187.0,982,25.3,135.4,122.0,15,110.5,157.8,6.0,0
8.477,6.2,100,80.1,2.61,106.0,0,187.0,969,25.9,140.2,122.0,15,110.5,157.8,5.9,0
8.523,6.4,100,80.1,2.10,106.0,0,187.0,980,26.3,140.7,122.0,15,110.3,157.8,5.9,0
8.559,6.7,100,80.1,2.12,106.0,0,187.0,1034,26.6,134.9,122.0,15,110.3,157.8,6.0,0
8.604,6.7,100,80.1,2.42,106.2,0,187.0,1166,31.8,143.4,122.0,15,110.5,157.8,6.1,0
8.642,6.7,100,80.1,2.19,106.2,0,187.0,1221,34.2,147.0,122.0,15,110.5,157.8,6.4,0
8.678,6.7,100,80.1,2.31,106.2,0,187.0,1318,36.9,147.1,122.0,15,110.5,157.8,6.6,0
8.722,6.7,100,80.1,2.43,106.2,0,187.0,1388,38.9,147.3,122.0,15,110.5,157.8,6.8,0
8.757,6.8,100,80.1,2.50,106.2,0,187.0,1430,38.6,141.6,122.0,15,110.5,157.8,7.3,0
8.803,6.4,100,80.1,2.67,106.2,0,187.0,1459,38.0,136.8,122.0,15,110.5,157.8,7.5,0
8.837,6.1,100,80.1,2.85,106.2,0,187.0,1497,38.8,136.0,122.0,15,110.5,157.8,7.8,0
8.882,5.7,100,80.1,2.95,106.2,0,187.0,1541,40.6,138.4,122.0,15,110.5,157.8,8.2,0
8.926,5.7,100,80.1,3.26,106.2,0,187.0,1601,43.8,143.7,122.0,15,110.5,157.8,8.5,0
8.959,6.0,100,80.1,3.44,106.2,0,187.0,1668,47.5,149.4,122.0,15,110.5,157.8,8.7,0
9.005,6.9,100,80.1,3.65,106.2,0,187.0,1724,50.5,153.8,122.0,15,110.5,157.9,9.1,0
9.038,6.8,100,80.1,3.94,106.2,0,187.0,1798,52.8,154.2,122.0,15,110.5,157.9,9.4,0
9.078,6.4,100,80.1,4.31,106.2,0,187.0,1853,54.3,154.0,122.0,15,110.5,157.9,9.6,0
9.123,6.3,100,80.1,4.55,106.3,0,187.0,1942,57.6,155.8,122.0,15,110.8,157.9,10.2,0
9.160,6.4,100,80.1,4.94,106.3,0,187.0,2022,60.5,157.2,122.0,15,110.8,157.9,10.4,0
9.197,6.4,100,80.1,5.32,106.3,0,187.0,2069,63.8,161.9,122.0,15,110.8,157.9,10.7,0
9.242,6.8,100,80.1,5.63,106.3,0,187.0,2145,67.5,165.1,122.0,15,110.8,157.9,11.4,0
9.279,7.4,100,80.1,6.13,106.3,0,187.0,2222,69.5,164.3,122.0,15,110.8,157.9,11.6,0
9.325,7.2,100,80.1,6.80,106.5,0,187.0,2294,72.3,165.6,122.0,15,111.1,157.9,11.9,0
9.362,6.9,100,80.1,7.33,106.5,0,187.0,2364,76.8,170.7,122.0,15,111.1,157.9,12.5,0
9.406,6.7,100,80.1,8.07,106.5,0,187.0,2471,79.5,168.9,122.0,15,111.1,157.9,12.9,0
9.439,6.4,100,80.1,9.03,106.7,0,187.0,2554,83.8,172.3,122.0,15,111.1,157.9,13.2,0
9.478,6.3,100,80.1,9.67,106.7,0,187.0,2635,89.1,177.7,122.0,15,111.1,157.9,13.9,0
9.522,6.3,100,80.1,10.68,107.1,0,187.0,2748,94.9,181.4,122.0,15,111.3,157.9,14.3,0
9.557,6.1,100,80.1,11.74,107.1,0,187.0,2853,99.2,182.7,122.0,15,111.3,157.9,14.6,0
9.596,5.1,100,80.1,12.58,107.2,0,187.0,2946,102.7,183.1,122.0,15,111.3,157.9,15.4,0
9.645,3.1,100,80.1,13.78,107.2,0,187.0,3075,109.1,186.4,122.0,15,111.3,157.9,16.0,0
9.678,0.6,100,80.1,15.23,107.2,0,187.0,3187,116.9,192.6,122.0,15,111.3,157.9,16.4,0
9.723,1.6,100,80.1,16.18,107.4,0,187.0,3308,128.2,203.5,122.0,15,111.6,158.0,17.5,0
9.766,2.3,100,80.1,16.99,107.4,0,187.0,3451,137.0,208.4,122.0,15,111.6,158.0,18.0,0
9.799,1.9,100,80.1,17.73,107.4,0,187.0,3608,140.8,204.9,122.0,15,111.9,158.0,18.5,0
9.837,0.6,100,80.1,17.92,107.8,0,187.0,3750,142.7,199.9,122.0,1,111.9,158.0,19.5,0
9.885,0.6,100,80.1,18.11,107.8,0,187.0,3881,143.2,193.8,122.0,1,111.9,158.0,20.1,0
9.919,1.0,100,80.1,18.08,108.3,0,187.0,3977,142.7,188.4,122.0,1,112.1,158.0,20.4,0
9.957,1.6,100,80.1,17.44,108.3,0,187.0,4084,140.4,180.6,122.0,1,112.1,158.0,21.8,0
10.000,2.3,100,80.1,16.01,108.3,0,187.0,4224,141.6,176.1,122.0,1,112.1,158.0,22.4,0
10.038,2.5,100,80.1,14.63,108.9,0,187.0,4356,141.2,170.2,122.0,1,112.4,158.0,22.9,0
10.081,2.4,98,80.1,13.61,108.9,0,187.0,4463,141.2,166.1,122.0,1,112.4,158.0,23.8,0
10.119,2.4,85,80.1,12.41,109.6,0,187.0,4556,141.9,163.6,122.0,1,112.7,158.0,24.3,0
10.157,2.5,35,80.1,11.68,109.6,0,187.0,4600,142.7,163.0,122.0,1,112.7,158.0,24.4,0
10.202,2.8,0,80.1,10.70,109.9,50,187.0,4641,138.1,156.3,122.0,15,112.7,158.0,25.3,0
10.241,3.8,0,80.1,4.12,109.9,50,187.0,4776,123.8,136.1,122.0,15,112.7,158.0,25.1,0
10.277,4.5,0,80.1,-3.94,109.9,50,187.0,4853,42.4,45.9,122.0,15,112.7,158.0,24.2,0
10.322,3.8,0,80.1,-6.97,110.7,100,187.0,4836,3.2,3.5,122.0,15,112.9,158.1,22.9,0
10.367,2.8,0,80.1,-8.89,110.7,100,187.0,4797,-2.0,-2.1,122.0,15,112.9,158.1,22.7,0
10.401,2.6,0,80.1,-9.24,110.7,100,187.0,4753,0.0,0.1,122.0,15,112.9,158.1,22.5,0
10.436,2.7,0,80.1,-8.98,111.0,100,187.0,4702,1.4,1.6,122.0,15,112.9,158.1,22.3,0
10.485,2.8,0,80.1,-8.85,111.0,100,187.0,4651,1.7,1.9,122.0,15,112.9,158.1,22.4,0
10.519,3.0,0,80.1,-8.81,111.2,100,187.0,4595,2.7,3.1,122.0,15,113.2,158.1,22.5,0
10.558,2.8,0,80.1,-8.84,111.2,100,187.0,4546,2.7,3.1,122.0,15,113.2,158.1,22.4,0
10.603,2.7,0,80.1,-8.70,111.2,100,187.0,4494,3.0,3.5,122.0,15,113.2,158.1,22.5,0
10.639,2.6,14,80.1,-8.64,111.4,75,187.0,4445,3.3,3.8,122.0,15,113.5,158.1,22.4,0
10.677,2.6,66,80.1,-8.17,111.4,50,187.0,4448,5.8,6.9,122.0,15,113.5,158.1,22.4,0
10.721,2.7,93,80.1,0.05,111.2,50,187.0,4509,76.6,89.2,122.0,15,113.5,158.2,22.4,0
10.765,2.7,100,80.1,1.88,111.2,0,187.0,4323,90.6,110.1,122.0,15,113.5,158.2,22.6,0
10.799,2.8,100,80.1,2.89,111.2,0,187.0,3835,85.3,116.9,122.0,15,113.5,158.2,23.7,0
10.846,3.6,100,80.1,4.32,111.2,0,187.0,3403,84.9,131.1,122.0,15,113.5,158.2,26.7,0
10.879,3.4,100,80.1,5.41,111.2,0,187.0,3374,93.0,144.7,122.0,15,113.5,158.2,30.0,0
10.926,3.1,100,80.1,6.12,111.0,0,187.0,3112,92.2,155.5,122.0,15,113.5,158.2,28.4,0
10.964,4.5,100,80.3,7.45,111.0,0,187.0,3025,92.8,161.1,122.0,15,113.5,158.2,28.9,0
10.998,7.6,100,80.3,8.72,111.0,0,187.0,2897,92.0,166.8,122.0,15,113.7,158.2,27.7,0
11.045,11.8,100,80.1,9.43,111.0,0,187.0,2722,89.8,173.3,122.0,15,113.7,158.2,27.0,0
11.082,17.0,100,80.1,10.59,111.0,0,187.0,2733,92.4,177.6,122.0,15,113.7,158.2,26.6,0
11.127,21.9,100,80.1,11.63,111.2,0,187.0,2875,100.2,183.0,122.0,2,113.7,158.3,26.5,0
11.163,25.5,100,80.1,12.57,111.2,0,187.0,2992,107.9,189.3,122.0,2,113.7,158.3,26.6,0
11.206,27.8,100,80.1,13.98,111.2,0,187.0,3030,111.7,193.5,122.0,2,113.7,158.3,26.9,0
11.239,28.7,100,80.1,15.43,111.4,0,187.0,3035,116.2,201.1,122.0,2,113.7,158.3,27.1,0
11.278,28.5,100,80.1,16.34,111.4,0,187.0,3035,121.3,210.0,122.0,2,113.7,158.3,27.6,0
11.323,27.5,100,80.1,17.39,111.9,0,187.0,3062,123.0,210.9,122.0,2,113.7,158.3,27.8,0
11.357,25.6,100,80.1,18.11,111.9,0,187.0,3166,125.9,208.8,122.0,2,113.7,158.3,28.1,0
11.405,24.3,100,80.1,18.47,112.3,0,187.0,3249,126.1,203.9,122.1,2,113.7,158.3,28.7,0
11.439,23.9,100,80.1,18.97,112.3,0,187.0,3273,128.0,205.3,122.1,2,113.7,158.3,29.2,0
11.477,24.3,90,80.1,19.20,112.3,0,187.0,3338,130.7,205.6,122.1,2,113.7,158.3,29.6,0
11.523,25.6,16,80.1,19.29,112.6,0,187.0,3403,133.1,205.4,122.1,2,113.7,158.4,30.5,0
11.560,26.9,0,80.1,18.89,112.6,0,187.0,3478,135.0,203.8,122.1,2,113.7,158.4,30.8,0
11.606,28.7,0,80.1,16.77,113.2,0,187.0,3410,126.6,194.9,122.1,2,113.7,158.4,31.4,0
11.638,31.3,0,80.3,11.84,113.2,0,187.0,3380,95.7,148.7,122.1,2,113.7,158.4,31.5,0
11.678,33.4,0,80.3,2.97,113.2,0,187.0,3222,61.3,100.0,122.1,2,113.7,158.4,31.4,0
11.725,34.8,0,80.3,-2.93,113.7,0,187.0,3161,33.9,56.4,122.1,2,113.7,158.4,31.2,0
11.758,34.8,0,80.3,-4.72,113.7,0,187.0,3243,21.7,35.1,122.1,2,113.7,158.4,31.1,0
11.805,34.5,0,80.3,-6.81,113.7,0,187.0,3258,14.0,22.5,122.1,2,113.7,158.4,31.0,0
11.839,34.0,0,80.1,-8.02,114.3,0,187.0,3302,6.4,10.3,122.1,2,114.0,158.4,30.8,0
11.880,33.6,0,80.1,-8.34,114.3,0,187.0,3329,5.2,8.3,122.1,2,114.0,158.4,30.6,0
11.925,33.5,0,80.3,-8.79,114.6,0,187.0,3320,4.6,7.3,122.1,2,114.0,158.5,30.5,0
11.960,34.7,0,80.3,-8.89,114.6,0,187.0,3286,4.6,7.4,122.1,2,114.0,158.5,30.4,0
12.004,36.4,0,80.3,-9.09,114.6,0,187.0,3264,3.7,6.0,122.1,2,114.0,158.5,30.1,0
12.040,38.4,0,80.1,-9.13,114.6,0,187.0,3236,3.5,5.7,122.1,2,114.0,158.5,29.9,0
12.086,40.4,0,80.1,-9.30,114.6,0,187.0,3188,2.5,4.1,122.1,2,114.0,158.5,29.7,0
12.119,42.2,0,80.1,-9.29,114.6,0,187.0,3150,2.6,4.4,122.1,2,114.0,158.5,29.3,0
12.164,44.3,0,80.3,-9.34,114.6,0,187.0,3092,2.4,4.1,122.1,2,114.0,158.5,29.0,0
12.198,46.8,0,80.3,-9.34,114.4,0,187.0,3074,2.1,3.5,122.1,2,114.0,158.5,28.8,0
12.241,49.4,0,80.1,-9.35,114.4,0,187.0,3025,1.9,3.2,122.1,2,114.0,158.5,28.3,0
12.278,51.6,0,80.1,-9.32,114.4,0,187.0,2983,1.8,3.2,122.1,2,114.0,158.5,28.0,0
12.323,54.0,0,80.1,-9.35,114.3,0,187.0,2945,1.7,3.0,122.1,2,114.0,158.5,27.8,0
12.361,56.5,0,80.1,-9.38,114.3,0,187.0,2890,1.3,2.4,122.1,2,114.0,158.5,27.3,0
12.407,59.4,0,80.1,-9.36,114.3,0,187.0,2854,1.2,2.3,122.1,2,114.0,158.5,27.1,0
12.440,62.3,0,80.3,-9.40,114.1,0,187.0,2819,1.0,1.8,122.1,2,114.0,158.6,26.9,0
12.485,65.8,0,80.3,-9.41,114.1,0,187.0,2800,0.8,1.5,122.1,2,114.0,158.6,26.7,0
12.520,71.7,0,80.3,-9.45,114.1,0,187.0,2786,0.8,1.5,122.1,2,114.0,158.6,26.6,0
12.557,76.8,0,80.3,-9.45,114.1,0,187.0,2792,0.7,1.3,122.1,2,114.0,158.6,26.4,0
12.602,84.0,0,80.3,-9.45,113.7,0,187.0,2827,0.7,1.3,122.1,2,114.0,158.6,26.2,0
12.640,91.4,0,80.3,-9.39,113.7,0,187.0,2852,0.9,1.7,122.1,2,114.0,158.6,26.1,0
12.677,98.3,0,80.3,-9.33,113.7,0,187.0,2840,1.0,1.9,122.1,2,114.0,158.6,26.1,0
12.721,101.1,0,80.3,-9.34,113.5,0,187.0,2837,1.1,2.1,122.1,2,114.0,158.6,26.1,0
12.761,105.8,0,80.3,-9.34,113.5,0,187.0,2826,1.1,2.0,122.1,2,114.0,158.6,26.0,0
12.798,108.1,0,80.3,-9.36,113.5,0,187.0,2823,1.1,2.0,122.1,2,114.0,158.6,26.0,0
12.844,111.3,0,80.3,-9.35,113.5,0,187.0,2820,1.1,2.1,122.1,2,114.0,158.6,26.0,0
12.879,114.0,0,80.3,-9.33,113.5,0,187.0,2814,1.1,2.1,122.1,2,114.0,158.6,26.0,0
12.924,117.5,0,80.1,-9.33,113.4,0,187.0,2811,1.1,2.1,122.1,2,114.0,158.6,26.0,0
12.964,121.0,0,80.1,-9.33,113.4,0,187.0,2811,1.2,2.2,122.1,2,114.0,158.6,25.9,0
12.998,125.3,0,80.1,-9.33,113.4,0,187.0,2813,1.2,2.1,122.1,2,114.0,158.6,25.9,0
13.043,131.2,0,80.3,-9.32,113.4,0,187.0,2810,1.3,2.4,122.1,2,114.0,158.7,25.9,0
13.078,137.8,0,80.3,-9.33,113.4,0,187.0,2803,1.2,2.2,122.1,2,114.0,158.7,25.9,0
13.121,144.6,0,80.3,-9.28,113.4,0,187.0,2788,1.3,2.4,122.1,2,114.0,158.7,25.8,0
13.158,150.8,0,80.3,-9.29,113.4,0,187.0,2771,1.3,2.5,122.1,2,114.0,158.7,25.7,0
13.203,153.5,0,80.3,-9.29,113.2,0,187.0,2761,1.3,2.5,122.1,2,114.0,158.7,25.7,0
13.241,158.5,0,80.3,-9.30,113.2,0,187.0,2750,1.3,2.5,122.1,2,114.0,158.7,25.6,0
13.277,164.2,0,80.3,-9.28,113.2,0,187.0,2739,1.3,2.5,122.1,2,114.0,158.7,25.5,0
13.321,168.1,0,80.3,-9.28,113.2,0,187.0,2713,1.2,2.4,122.1,2,114.0,158.7,25.3,0
13.359,170.0,0,80.3,-9.29,113.2,0,187.0,2712,1.3,2.6,122.1,2,114.0,158.7,25.2,0
13.404,171.5,0,80.3,-9.30,113.2,0,187.0,2709,1.3,2.5,122.1,2,114.0,158.7,25.2,0
13.437,172.0,0,80.3,-9.32,113.2,0,187.0,2700,1.3,2.4,122.1,2,114.0,158.7,24.9,0
13.482,171.8,0,80.3,-9.29,113.2,0,187.0,2679,1.3,2.6,122.1,2,114.0,158.7,24.8,0
13.518,170.4,0,80.3,-9.30,113.2,0,187.0,2646,1.2,2.3,122.1,2,114.0,158.7,24.7,0
13.563,168.3,8,80.3,-9.27,113.2,0,187.0,2624,1.4,2.7,122.1,2,114.0,158.7,24.4,0
13.599,166.3,16,80.3,-9.25,113.2,0,187.0,2591,1.3,2.6,122.1,2,114.0,158.7,24.3,0
13.645,164.4,24,80.3,-7.43,113.0,0,187.0,2576,5.1,10.3,122.1,2,114.0,158.7,24.2,0
13.684,162.4,30,80.3,-4.91,113.0,0,187.0,2595,23.3,47.2,122.1,2,114.0,158.7,23.9,0
13.719,158.9,34,80.3,-1.03,113.0,0,187.0,2665,36.6,72.1,122.1,2,114.0,158.7,23.6,0
13.764,156.0,40,80.3,-0.00,113.0,0,187.0,2691,46.4,90.6,122.1,2,114.0,158.7,23.5,0
13.798,152.2,41,80.3,0.28,113.0,0,187.0,2658,47.8,94.4,122.1,2,114.0,158.7,24.0,0
13.843,151.0,42,80.3,0.70,113.0,0,187.0,2670,48.9,96.3,122.1,2,114.0,158.7,24.1,0
13.877,150.5,42,80.3,1.05,113.0,0,187.0,2684,50.9,99.6,122.1,2,114.0,158.7,24.3,0
13.923,150.7,42,80.3,1.31,113.0,0,187.0,2708,53.3,103.4,122.1,2,114.0,158.8,24.7,0
13.962,151.4,42,80.3,1.63,113.0,0,187.0,2772,57.0,108.1,122.1,2,114.0,158.8,24.9,0
13.997,151.4,42,80.3,2.02,113.0,0,187.0,2816,62.5,116.6,122.1,2,114.0,158.8,25.1,0
14.042,150.6,40,80.3,2.40,113.0,0,187.0,2838,66.9,123.8,122.1,2,114.0,158.8,25.5,0
14.078,148.8,40,80.3,3.02,113.0,0,187.0,2883,70.8,128.9,122.1,2,114.0,158.8,25.8,0
14.125,147.0,39,80.3,3.62,113.2,0,187.0,2923,74.3,133.6,122.2,2,114.0,158.8,26.0,0
14.157,145.6,38,80.3,4.19,113.2,0,187.0,2944,77.4,138.1,122.2,2,114.0,158.8,26.5,0
14.200,145.7,36,80.3,5.04,113.2,0,187.0,2941,79.3,141.7,122.2,2,114.0,158.8,26.6,0
14.246,146.5,20,80.3,5.55,113.4,0,187.0,2911,80.6,145.4,122.2,2,114.0,158.8,26.6,0
14.284,147.2,6,80.3,4.42,113.4,0,187.0,2836,69.6,128.8,122.2,2,114.0,158.8,26.9,0
14.319,147.3,0,80.3,-0.45,113.5,0,187.0,2761,55.6,105.8,122.2,2,114.0,158.8,26.7,0
14.357,147.3,0,80.3,-4.68,113.5,0,187.0,2742,22.8,43.7,122.2,2,114.0,158.8,26.3,0
14.401,146.5,0,80.3,-6.45,113.7,0,187.2,2692,10.0,19.5,122.2,2,114.0,158.8,25.7,0
14.438,144.2,0,80.3,-8.00,113.7,0,187.2,2664,7.0,13.9,122.2,2,114.0,158.8,25.4,0
14.482,140.4,8,80.3,-8.75,113.7,0,187.2,2648,4.9,9.8,122.2,2,114.0,158.8,25.2,0
14.517,135.8,20,80.3,-8.90,114.1,0,187.2,2629,4.2,8.3,122.2,2,114.0,158.8,24.9,0
14.567,131.2,28,80.3,-7.67,114.1,0,187.2,2616,6.1,12.2,122.2,2,114.0,158.8,24.8,0
14.600,126.0,35,80.3,-3.51,114.1,0,187.2,2650,26.4,52.2,122.2,2,114.0,158.8,24.8,0
14.645,121.1,38,80.3,-0.13,114.1,0,187.2,2747,51.6,98.7,122.2,2,114.0,158.9,24.8,0
14.684,115.1,38,80.3,2.91,114.1,0,187.2,2823,66.0,122.7,122.2,2,114.0,158.9,24.8,0
14.720,108.3,40,80.3,4.01,114.3,0,187.2,2892,69.9,127.0,122.2,2,114.0,158.9,24.7,0
14.759,99.7,41,80.3,4.62,114.3,0,187.2,2800,69.7,130.8,122.2,2,114.0,158.9,25.3,0
14.804,89.9,41,80.3,5.30,114.3,0,187.2,2807,72.2,135.2,122.2,2,114.0,158.9,25.4,0
14.838,78.6,41,80.3,5.72,114.3,0,187.2,2813,75.1,140.1,122.2,2,114.0,158.9,25.5,0
14.885,67.0,42,80.3,6.17,114.3,0,187.2,2854,81.7,150.3,122.2,2,114.0,158.9,25.8,0
14.920,55.9,44,80.3,6.92,114.3,0,187.2,2859,82.9,152.4,122.2,2,114.0,158.9,25.9,0
14.964,46.2,46,80.3,7.61,114.3,0,187.2,2868,86.3,158.0,122.2,2,114.0,158.9,26.0,0
15.000,38.8,48,80.3,8.05,114.3,0,187.2,2875,88.1,160.9,122.2,2,114.0,158.9,26.2,0
15.038,34.3,50,80.3,8.56,114.3,0,187.2,2891,89.3,162.3,122.2,2,114.0,158.9,26.3,0
15.084,32.3,54,80.3,9.28,114.3,0,187.2,2920,93.3,167.8,122.2,2,114.0,158.9,26.4,0
15.118,31.4,58,80.3,9.75,114.6,0,187.2,2955,99.4,176.6,122.2,2,114.0,158.9,26.7,0
15.166,31.1,62,80.3,10.90,114.6,0,187.2,2998,105.8,185.3,122.2,2,114.0,158.9,27.0,0
15.200,31.1,66,80.3,11.85,114.6,0,187.2,3027,110.8,192.3,122.2,2,114.0,158.9,27.2,0
15.246,31.1,69,80.3,12.53,114.8,0,187.2,3063,115.1,197.4,122.2,2,114.0,158.9,27.7,0
15.279,31.0,70,80.3,13.15,114.8,0,187.2,3114,117.5,198.3,122.2,2,114.0,158.9,27.9,0
15.322,31.0,62,80.3,13.60,115.2,0,187.2,3154,119.7,199.4,122.2,2,114.0,159.0,28.2,0
15.358,30.9,10,80.3,13.72,115.2,0,187.2,3204,120.6,197.7,122.2,2,114.0,159.0,28.7,0
15.401,30.9,0,80.3,13.75,115.2,0,187.2,3090,116.4,197.8,122.2,2,114.0,159.0,29.0,0
15.437,30.5,0,80.3,4.99,115.3,0,187.2,3033,84.3,146.0,122.2,2,114.3,159.0,29.0,0
15.480,28.9,0,80.3,-0.22,115.3,0,187.2,3028,37.4,64.8,122.2,2,114.3,159.0,29.1,0
15.525,27.4,0,80.3,-4.71,115.7,0,187.2,3103,22.9,38.8,122.2,2,114.3,159.0,29.0,0
15.558,26.0,0,80.3,-7.49,115.7,0,187.2,3123,6.9,11.7,122.2,2,114.3,159.0,29.0,0
15.602,25.3,0,80.3,-8.28,115.9,0,187.2,3119,5.7,9.5,122.2,2,114.3,159.0,29.0,0
15.645,25.6,0,80.3,-8.95,115.9,0,187.2,3114,4.7,7.8,122.2,2,114.3,159.0,28.9,0
15.679,26.2,0,80.3,-8.87,115.9,0,187.2,3112,4.6,7.7,122.2,2,114.3,159.0,28.7,0
15.724,27.1,0,80.3,-9.02,116.1,0,187.3,3098,3.6,6.1,122.2,2,114.3,159.0,28.5,0
15.760,27.8,0,80.3,-9.13,116.1,0,187.3,3086,3.3,5.7,122.2,2,114.3,159.0,28.4,0
15.804,29.5,0,80.3,-9.32,116.1,0,187.3,3050,2.2,3.8,122.2,2,114.3,159.0,28.3,0
15.840,31.9,0,80.3,-9.30,116.1,0,187.3,3012,2.1,3.7,122.2,2,114.3,159.0,28.0,0
15.885,36.1,0,80.3,-9.42,116.1,0,187.3,2973,1.5,2.7,122.2,2,114.3,159.0,27.9,0
15.920,41.1,0,80.3,-9.42,116.1,0,187.3,2942,1.4,2.5,122.2,2,114.3,159.1,27.7,0
15.960,46.7,0,80.3,-9.46,116.1,0,187.3,2929,1.0,1.8,122.2,2,114.3,159.1,27.4,0
16.005,52.4,0,80.3,-9.49,116.1,0,187.3,2912,0.8,1.5,122.2,2,114.3,159.1,27.2,0
16.041,58.5,0,80.3,-9.48,115.9,0,187.3,2872,0.7,1.3,122.3,2,114.3,159.1,27.0,0
16.080,65.5,0,80.3,-9.44,115.9,0,187.3,2812,0.8,1.5,122.3,2,114.3,159.1,26.4,0
16.125,73.5,0,80.3,-9.46,115.7,0,187.3,2765,0.6,1.1,122.3,2,114.3,159.1,26.2,0
16.164,81.5,0,80.3,-9.45,115.7,0,187.3,2712,0.5,1.0,122.3,2,114.3,159.1,25.9,0
16.198,89.3,0,80.3,-9.47,115.5,0,187.3,2664,0.6,1.1,122.3,2,114.3,159.1,25.3,0
16.246,97.0,0,80.3,-9.46,115.5,0,187.3,2641,0.5,1.0,122.3,2,114.3,159.1,25.0,0
16.279,105.1,0,80.3,-9.48,115.5,0,187.3,2609,0.4,0.8,122.3,2,114.3,159.1,24.8,0
16.324,113.4,0,80.3,-9.45,115.5,0,187.3,2554,0.4,0.9,122.3,2,114.3,159.1,24.2,0
16.358,122.2,0,80.3,-9.45,115.5,0,187.3,2493,0.4,0.9,122.3,2,114.3,159.1,23.9,0
16.405,130.0,0,80.3,-9.41,115.3,0,187.3,2435,0.6,1.3,122.3,2,114.3,159.1,23.6,0
16.443,136.7,0,80.3,-9.43,115.3,0,187.3,2405,0.4,1.0,122.3,2,114.3,159.1,23.0,0
16.487,142.2,0,80.3,-9.44,115.3,0,187.3,2373,0.4,0.8,122.3,2,114.3,159.1,22.7,0
16.521,148.1,0,80.3,-9.45,115.3,0,187.5,2348,0.5,1.1,122.3,2,114.3,159.1,22.4,0
16.564,154.6,0,80.3,-9.45,115.3,0,187.5,2320,0.3,0.7,122.3,2,114.3,159.1,22.0,0
16.599,161.2,0,80.3,-9.49,115.3,0,187.5,2294,0.3,0.6,122.3,2,114.3,159.1,21.8,0
16.644,166.5,0,80.3,-9.46,115.2,0,187.5,2273,0.4,0.8,122.3,2,114.3,159.2,21.7,0
16.679,169.3,24,80.3,-9.46,115.2,0,187.5,2288,0.2,0.4,122.3,2,114.3,159.2,21.5,0
16.722,169.5,36,80.3,-9.08,115.2,0,187.5,2313,0.6,1.4,122.3,2,114.3,159.2,21.4,0
16.758,169.1,50,80.3,-3.47,115.2,0,187.5,2360,18.5,41.1,122.3,2,114.3,159.2,21.3,0
16.803,168.6,56,80.3,-0.77,114.8,0,187.5,2440,40.3,86.7,122.3,2,114.3,159.2,21.3,0
16.841,167.4,58,80.3,0.28,114.8,0,187.5,2518,45.1,94.1,122.3,2,114.3,159.2,21.3,0
16.878,166.3,58,80.3,0.70,114.8,0,187.5,2549,47.3,97.4,122.3,2,114.3,159.2,21.5,0
16.924,165.4,58,80.3,0.91,114.8,0,187.5,2449,46.8,100.4,122.3,2,114.3,159.2,22.2,0
16.961,163.3,58,80.3,1.27,114.8,0,187.5,2439,48.1,103.6,122.3,2,114.3,159.2,22.5,0
17.005,160.1,58,80.3,1.52,114.8,0,187.5,2477,50.9,108.0,122.3,2,114.3,159.2,22.6,0
17.039,155.3,58,80.3,1.75,114.8,0,187.5,2536,55.3,114.5,122.3,2,114.3,159.2,22.8,0
17.084,149.7,58,80.3,2.16,114.8,0,187.5,2563,58.1,119.0,122.3,2,114.3,159.2,23.0,0
17.119,143.4,58,80.3,2.67,114.8,0,187.5,2563,60.8,124.6,122.3,2,114.5,159.2,23.1,0
17.165,136.7,58,80.3,3.01,114.8,0,187.5,2516,61.8,129.0,122.3,2,114.5,159.2,23.1,0
17.200,130.6,58,80.3,3.51,114.8,0,187.5,2497,63.2,132.8,122.3,2,114.5,159.2,23.2,0
17.238,127.8,59,80.3,4.07,115.2,0,187.7,2522,65.1,135.6,122.3,2,114.5,159.2,23.2,0
17.282,129.4,59,80.3,4.43,115.2,0,187.7,2534,66.2,137.3,122.3,2,114.5,159.2,23.2,0
17.327,134.1,59,80.3,5.04,115.2,0,187.7,2557,68.3,140.4,122.3,2,114.5,159.2,23.3,0
17.361,138.9,59,80.3,5.75,115.2,0,187.7,2594,71.4,144.6,122.3,2,114.5,159.2,23.4,0
17.397,142.5,58,80.3,6.34,115.3,0,187.7,2618,74.5,149.4,122.3,2,114.5,159.2,23.7,0
17.446,144.3,58,80.3,7.21,115.3,0,187.7,2694,77.8,151.7,122.3,2,114.5,159.2,24.1,0
17.479,144.4,56,80.3,8.15,115.3,0,187.7,2764,83.5,158.6,122.3,2,114.5,159.2,24.4,0
17.526,144.3,54,80.3,8.75,115.5,0,187.7,2811,87.4,163.2,122.3,2,114.5,159.3,25.0,0
17.560,144.0,53,80.3,9.93,115.5,0,187.7,2873,90.3,165.1,122.3,2,114.5,159.3,25.3,0
17.604,142.9,52,80.3,11.15,115.7,0,187.7,2928,94.6,169.7,122.3,2,114.5,159.3,25.8,0
17.642,142.1,52,80.3,12.01,115.7,0,187.7,2920,97.9,176.1,122.3,2,114.5,159.3,26.3,0
17.687,141.8,52,80.3,12.90,115.7,0,187.7,2918,100.3,180.6,122.3,2,114.5,159.3,26.5,0
17.720,141.8,52,80.3,12.48,115.9,0,187.7,2921,104.7,188.2,122.3,2,114.8,159.3,26.6,0
17.759,142.0,54,80.3,11.62,115.9,0,187.7,2924,100.3,180.1,122.3,2,114.8,159.3,26.8,0
17.806,142.3,54,80.3,10.47,115.9,0,187.7,2946,99.3,177.0,122.3,2,114.8,159.3,27.0,0
17.840,142.3,54,80.3,9.69,116.4,0,187.7,3088,104.2,177.2,122.3,2,114.8,159.3,27.3,0
17.880,141.5,54,80.3,9.27,116.4,0,187.7,3211,107.1,175.2,122.3,2,114.8,159.3,28.1,0
17.926,140.7,54,80.3,8.97,116.6,0,187.9,3240,106.7,173.0,122.3,2,114.8,159.3,28.5,0
17.962,140.0,54,80.3,9.28,116.6,0,187.9,3218,106.8,174.4,122.3,2,114.8,159.3,28.9,0
18.004,140.0,54,80.3,9.65,117.0,0,187.9,3208,109.8,179.7,122.3,2,115.1,159.3,29.5,0
18.039,138.7,54,80.3,9.44,117.0,0,187.9,3261,110.4,177.8,122.3,2,115.1,159.3,29.8,0
18.078,135.7,57,80.3,9.48,117.0,0,187.9,3314,109.7,173.9,122.3,2,115.1,159.3,29.9,0
18.123,131.7,59,80.3,9.32,117.1,0,187.9,3334,109.5,172.5,122.4,2,115.1,159.4,30.2,0
18.168,126.9,60,80.3,9.34,117.1,0,187.9,3344,110.2,173.0,122.4,2,115.1,159.4,30.3,0
18.201,121.9,60,80.3,9.05,117.1,0,187.9,3325,108.6,171.6,122.4,2,115.3,159.4,30.3,0
18.245,117.1,62,80.3,9.26,117.5,0,187.9,3301,110.2,175.3,122.4,2,115.3,159.4,30.5,0
18.279,110.6,68,80.3,9.13,117.5,0,187.9,3397,112.7,174.2,122.4,2,115.3,159.4,31.0,0
18.323,101.1,80,80.3,8.64,117.7,0,187.9,3542,114.2,169.4,122.4,2,115.3,159.4,31.5,0
18.362,94.8,88,80.3,8.80,117.7,0,187.9,3504,112.9,169.3,122.4,2,115.3,159.4,31.2,0
18.406,88.2,90,80.3,8.77,117.7,0,187.9,3490,113.8,171.2,122.4,2,115.3,159.4,32.1,0
18.440,79.0,92,80.3,8.28,118.0,0,188.1,3544,113.7,168.5,122.4,2,115.6,159.4,32.4,0
18.477,71.7,96,80.3,8.13,118.0,0,188.1,3491,109.6,164.9,122.4,2,115.6,159.4,31.9,0
18.521,63.6,98,80.3,8.23,118.2,0,188.1,3399,108.7,167.9,122.4,2,115.6,159.4,32.0,0
18.562,55.5,100,80.3,8.15,118.2,0,188.1,3374,107.6,167.4,122.4,2,115.6,159.4,31.9,0
18.598,49.6,100,80.3,8.16,118.4,0,188.1,3367,107.6,167.9,122.4,2,115.9,159.5,31.3,0
18.643,45.5,100,80.3,8.40,118.4,0,188.1,3361,108.2,169.0,122.4,2,115.9,159.5,31.3,0
18.679,41.2,100,80.3,9.25,118.4,0,188.1,3437,116.2,177.6,122.4,2,115.9,159.5,31.4,0
18.724,36.2,100,80.3,9.61,118.8,0,188.1,3457,119.0,180.8,122.4,2,115.9,159.5,31.4,0
18.767,29.8,100,80.3,10.07,118.8,0,188.1,3418,118.1,181.5,122.4,2,115.9,159.5,31.3,0
18.801,23.5,100,80.3,10.49,118.9,0,188.1,3400,118.7,183.4,122.4,2,116.2,159.5,31.4,0
18.844,18.0,100,80.3,10.80,118.9,0,188.1,3440,121.3,185.1,122.4,2,116.2,159.5,31.5,0
18.880,13.1,100,80.3,11.37,118.9,0,188.1,3516,125.2,187.0,122.4,2,116.2,159.5,31.7,0
18.925,9.6,100,80.3,12.00,119.1,0,188.1,3542,124.9,185.2,122.4,2,116.2,159.5,31.8,0
18.958,8.0,100,80.3,12.85,119.1,0,188.1,3535,127.0,188.7,122.4,2,116.2,159.5,32.3,0
19.002,7.6,100,80.3,14.21,119.1,0,188.1,3536,131.8,195.8,122.4,2,116.2,159.5,32.5,0
19.046,7.4,100,80.3,15.46,119.3,0,188.1,3572,138.1,203.1,122.5,2,116.4,159.5,32.6,0
19.079,7.1,100,80.3,16.05,119.3,0,188.1,3652,139.6,200.7,122.5,2,116.4,159.5,33.0,0
19.128,6.1,100,80.3,16.71,119.5,0,188.2,3709,139.6,197.7,122.5,2,116.7,159.6,33.2,0
19.172,4.2,100,80.3,17.18,119.5,0,188.2,3743,138.2,194.0,122.5,2,116.7,159.6,33.5,0
19.206,3.4,100,80.3,17.36,120.0,0,188.2,3763,137.8,192.4,122.5,2,117.0,159.6,34.1,0
19.245,2.3,100,80.3,17.68,120.0,0,188.2,3863,140.1,190.4,122.5,2,117.0,159.6,34.7,0
19.278,1.0,100,80.3,17.83,120.0,0,188.2,3949,139.7,185.7,122.5,2,117.0,159.6,35.0,0
19.321,0.8,100,80.3,18.03,120.4,0,188.2,3925,138.9,185.9,122.5,2,117.2,159.6,35.6,0
19.362,1.3,100,80.3,18.30,120.4,0,188.2,3960,141.2,187.3,122.5,2,117.2,159.6,35.8,0
19.407,1.4,100,80.3,18.58,120.4,0,188.2,3961,141.5,187.6,122.5,2,117.2,159.6,35.9,0
19.442,1.4,100,80.3,18.76,120.7,0,188.2,3980,143.4,189.3,122.5,2,117.2,159.6,36.3,0
19.486,1.9,100,80.3,18.86,120.7,0,188.2,4059,146.1,189.0,122.5,2,117.2,159.6,36.6,0
19.520,1.6,100,80.3,18.85,121.3,0,188.2,4151,148.6,188.0,122.5,2,117.5,159.7,37.1,0
19.567,1.3,100,80.3,18.93,121.3,0,188.2,4194,150.5,188.4,122.5,2,117.5,159.7,37.7,0
19.601,0.6,100,80.3,19.03,121.3,0,188.2,4253,153.3,189.3,122.5,2,117.5,159.7,37.9,0
19.645,0.2,100,80.3,19.07,121.8,0,188.4,4242,152.8,189.1,122.6,2,118.0,159.7,38.0,0
19.678,1.0,100,80.3,19.08,121.8,0,188.4,4295,155.4,190.1,122.6,2,118.0,159.7,38.8,0
19.728,2.1,100,80.3,19.16,122.4,0,188.4,4339,157.2,190.4,122.6,2,118.3,159.7,39.4,0
19.758,3.1,100,80.3,19.15,122.4,0,188.4,4382,157.7,189.0,122.6,2,118.3,159.7,39.6,0
19.801,3.3,100,80.3,19.24,123.3,0,188.4,4392,158.9,190.0,122.6,2,118.6,159.7,40.1,0
19.842,3.4,100,80.3,19.26,123.3,0,188.4,4397,158.5,189.3,122.6,2,118.6,159.7,40.2,0
19.886,3.1,100,80.3,19.38,123.3,0,188.4,4414,159.8,190.1,122.6,2,118.6,159.7,40.3,0
19.920,2.8,100,80.3,19.37,124.0,0,188.4,4456,160.5,189.1,122.6,2,118.8,159.8,40.6,0
19.967,2.9,100,80.3,19.36,124.0,0,188.4,4501,162.0,189.0,122.6,2,118.8,159.8,40.9,0
20.001,3.5,100,80.3,19.14,124.0,0,188.4,4605,163.2,186.2,122.6,2,119.1,159.8,41.4,0
20.046,3.6,100,80.3,18.98,124.5,0,188.4,4687,164.9,184.8,122.6,2,119.1,159.8,42.0,0
20.079,4.6,100,80.3,18.75,124.5,0,188.4,4717,163.7,182.3,122.6,2,119.1,159.8,42.3,0
20.128,5.1,100,80.3,18.64,125.4,0,188.4,4676,162.5,182.5,122.7,2,119.6,159.8,42.5,0
20.162,5.3,100,80.3,18.60,125.4,0,188.4,4691,163.5,183.1,122.7,2,119.6,159.8,43.1,0
20.201,6.0,100,80.3,18.52,125.4,0,188.4,4778,166.9,183.4,122.7,2,119.6,159.8,43.4,0
20.246,6.2,100,80.3,18.21,126.5,0,188.6,4883,169.1,181.8,122.7,2,119.9,159.9,43.9,0
20.279,6.2,100,80.3,18.11,126.5,0,188.6,4853,166.2,179.8,122.7,2,119.9,159.9,44.0,0
20.329,6.2,100,80.3,18.08,127.0,0,188.6,4853,166.7,180.4,122.7,2,120.2,159.9,44.4,0
20.359,6.8,100,80.1,17.98,127.0,0,188.6,4882,169.0,181.7,122.7,2,120.2,159.9,44.5,0
20.402,7.1,100,80.1,17.92,127.8,0,188.6,4951,170.4,180.8,122.7,2,120.4,159.9,44.9,0
20.445,7.2,100,80.1,17.73,127.8,0,188.6,4977,169.2,178.5,122.7,2,120.4,160.0,45.2,0
20.478,8.3,100,80.1,17.67,127.8,0,188.6,4978,168.8,178.1,122.7,2,120.4,160.0,45.3,0
20.526,9.3,100,80.1,17.58,128.8,0,188.6,5043,170.1,177.2,122.8,2,120.7,160.0,46.1,0
20.560,10.5,84,80.3,17.42,128.8,0,188.6,5081,171.0,176.7,122.8,2,120.7,160.0,46.1,0
20.599,11.8,17,80.3,17.26,128.8,0,188.6,5114,170.5,175.1,122.8,2,121.0,160.0,46.3,0
20.644,12.6,0,80.1,17.19,129.4,0,188.8,5162,171.0,173.9,122.8,2,121.0,160.0,46.9,0
20.681,13.9,0,80.1,14.39,129.4,0,188.8,5132,161.8,165.6,122.8,2,121.0,160.0,47.4,0
20.724,13.4,0,80.1,5.06,130.5,0,188.8,5033,113.9,118.8,122.8,2,121.2,160.1,47.6,0
20.760,11.4,0,80.1,-1.00,130.5,0,188.8,4935,55.5,59.1,122.8,2,121.2,160.1,47.2,0
20.803,8.8,0,80.1,-5.48,130.5,0,188.8,4937,18.6,19.8,122.8,2,121.2,160.1,46.9,0
20.838,6.6,0,80.1,-7.76,131.4,0,188.8,4946,4.8,5.1,122.8,2,121.5,160.1,46.6,0
20.881,4.9,0,80.1,-8.44,131.4,0,188.8,4911,1.1,1.2,122.8,2,121.5,160.1,46.4,0
20.926,4.2,0,80.1,-8.87,132.1,0,188.8,4952,0.8,0.9,122.8,2,121.8,160.2,46.0,0
20.960,4.6,0,80.1,-8.89,132.1,0,188.8,4923,1.0,1.1,122.8,2,121.8,160.2,45.7,0
21.015,5.7,0,80.1,-8.93,132.4,0,188.8,4910,1.0,1.0,122.8,2,122.0,160.2,45.4,0
21.048,8.4,0,80.1,-8.88,132.4,0,188.8,4884,1.3,1.4,122.9,2,122.0,160.2,45.2,0
21.081,11.3,0,80.1,-8.84,132.4,0,188.8,4879,1.7,1.8,122.9,2,122.0,160.2,45.0,0
21.124,14.5,0,80.1,-8.84,132.6,0,189.0,4854,1.7,1.8,122.9,2,122.3,160.2,44.6,0
21.162,16.4,0,80.1,-8.73,132.6,0,189.0,4755,1.9,2.1,122.9,2,122.3,160.2,44.4,0
21.205,17.7,0,80.1,-8.76,132.6,0,189.0,4705,2.2,2.4,122.9,2,122.6,160.2,44.2,0
21.240,18.2,0,80.1,-8.73,132.6,0,189.0,4655,2.2,2.5,122.9,2,122.6,160.3,43.6,0
21.280,18.6,0,80.1,-8.71,132.6,0,189.0,4598,2.3,2.7,122.9,2,122.6,160.3,43.2,0
21.327,18.7,0,80.1,-8.71,132.4,0,189.0,4552,2.5,2.9,122.9,2,122.6,160.3,42.9,0
21.365,18.8,0,80.1,-8.68,132.4,0,189.0,4504,2.5,3.0,122.9,2,122.6,160.3,42.3,0
21.399,20.2,0,80.1,-8.73,132.4,0,189.0,4468,2.4,2.8,122.9,2,122.6,160.3,41.9,0
21.446,22.6,0,80.1,-8.68,132.1,0,189.1,4432,2.4,2.8,122.9,2,122.6,160.3,41.6,0
21.481,25.6,0,80.1,-8.70,132.1,0,189.1,4364,2.3,2.7,122.9,2,122.6,160.3,40.9,0
21.524,29.5,0,80.1,-8.68,132.1,0,189.1,4297,2.4,2.9,122.9,2,122.6,160.4,40.6,0
21.563,33.8,0,80.1,-8.67,132.1,0,189.1,4227,2.8,3.5,122.9,2,122.6,160.4,40.2,0
21.599,38.5,0,80.1,-8.71,131.9,0,189.1,4132,2.6,3.2,122.9,2,122.6,160.4,39.2,0
21.639,42.9,0,80.1,-8.71,131.9,0,189.1,4063,2.1,2.7,122.9,2,122.6,160.4,38.7,0
21.684,45.8,0,80.1,-8.74,131.9,0,189.1,3996,1.9,2.6,122.9,2,122.6,160.4,38.3,0
21.719,46.8,0,80.1,-8.78,131.5,0,189.1,3968,2.1,2.7,122.9,2,122.6,160.5,37.7,0
21.762,47.3,0,80.1,-8.76,131.5,0,189.1,3947,2.2,3.0,122.9,2,122.6,160.5,37.5,0
21.806,47.9,0,80.1,-8.73,131.5,0,189.1,3930,2.6,3.5,122.9,2,122.6,160.5,37.2,0
21.840,48.5,0,80.1,-8.73,131.5,0,189.3,3911,2.7,3.6,122.9,2,122.6,160.5,36.6,0
21.884,49.4,0,80.1,-8.71,131.5,0,189.3,3887,2.8,3.8,122.9,2,122.6,160.5,36.2,0
21.928,49.7,0,80.1,-8.70,131.4,0,189.3,3858,3.1,4.2,122.9,2,122.6,160.5,35.9,0
21.966,49.7,0,80.1,-8.68,131.4,0,189.3,3825,3.4,4.7,122.9,2,122.6,160.5,35.5,0
22.001,48.8,0,80.1,-8.68,131.4,0,189.3,3790,3.7,5.2,122.9,2,122.6,160.5,35.4,0
22.045,46.1,0,80.1,-8.70,131.4,0,189.3,3761,3.7,5.2,122.9,2,122.6,160.5,35.3,0
22.080,42.9,0,80.1,-8.70,131.4,0,189.3,3729,4.0,5.6,122.9,2,122.6,160.5,35.3,0
22.124,39.5,0,80.1,-8.70,131.0,0,189.5,3747,4.1,5.8,122.9,2,122.6,160.6,35.1,0
22.168,36.5,0,80.1,-8.64,131.0,0,189.5,3763,4.1,5.7,122.9,2,122.6,160.6,35.0,0
22.201,34.8,0,80.1,-8.71,131.0,0,189.5,3781,3.7,5.2,122.9,2,122.6,160.6,34.8,0
22.244,32.8,0,80.1,-8.64,131.0,0,189.5,3765,4.2,5.8,122.9,2,122.6,160.6,34.7,0
22.279,30.1,0,80.1,-8.66,131.0,0,189.5,3742,4.1,5.8,122.9,2,122.6,160.6,34.6,0
22.323,27.7,0,80.1,-8.64,131.0,0,189.5,3696,4.4,6.3,122.9,2,122.6,160.6,34.5,0
22.367,25.0,0,80.1,-8.66,131.0,0,189.5,3687,4.5,6.4,122.9,2,122.6,160.6,34.4,0
22.400,21.2,0,80.1,-8.67,131.0,0,189.5,3688,4.5,6.4,122.9,2,122.6,160.6,34.3,0
22.438,16.2,0,80.1,-8.65,130.8,0,189.5,3704,4.5,6.4,122.9,2,122.6,160.6,34.1,0
22.487,11.2,0,80.1,-8.67,130.8,0,189.5,3700,4.4,6.2,122.9,2,122.6,160.6,34.1,0
22.520,7.7,0,80.1,-8.64,130.8,0,189.7,3689,4.5,6.4,122.9,2,122.6,160.7,34.0,0
22.566,5.9,0,80.1,-8.67,130.8,0,189.7,3669,4.5,6.5,122.9,2,122.6,160.7,33.9,0
22.601,4.9,0,80.1,-8.72,130.8,0,189.7,3643,4.3,6.3,122.9,2,122.6,160.7,33.8,0
22.646,4.4,0,80.1,-8.79,130.5,0,189.7,3629,4.0,5.8,122.9,2,122.6,160.7,33.7,0
22.678,4.2,0,80.1,-8.89,130.5,0,189.7,3609,3.5,5.2,122.9,2,122.6,160.7,33.5,0
22.722,4.2,0,79.8,-8.94,130.5,0,189.7,3591,3.4,5.0,122.9,2,122.3,160.7,33.3,0
22.758,4.4,0,79.8,-9.03,130.5,0,189.7,3557,3.0,4.5,122.9,2,122.3,160.7,33.2,0
22.803,4.9,0,79.8,-9.09,130.5,0,189.9,3528,2.7,4.0,122.9,2,122.6,160.7,32.8,0
22.843,5.1,0,80.1,-9.23,130.5,0,189.9,3487,2.4,3.5,122.9,2,122.6,160.7,32.7,0
22.878,4.8,0,80.1,-9.30,130.5,0,189.9,3451,1.9,3.0,122.9,2,122.6,160.7,32.5,0
22.922,3.1,0,80.1,-9.34,130.5,0,189.9,3407,1.8,2.8,122.9,2,122.3,160.8,32.0,0
22.965,0.8,0,79.8,-9.40,130.5,0,189.9,3387,1.7,2.6,122.9,2,122.3,160.8,31.8,0
23.000,0.4,0,79.8,-9.44,130.3,0,189.9,3375,1.4,2.1,122.9,2,122.3,160.8,31.6,0
23.038,1.3,0,80.1,-9.46,130.3,0,189.9,3358,1.3,2.0,122.9,2,122.3,160.8,31.2,0
23.083,2.1,0,80.1,-9.51,130.3,0,189.9,3334,1.1,1.8,122.9,2,122.3,160.8,31.0,0
23.127,2.6,0,79.8,-9.53,130.3,0,190.0,3301,1.0,1.7,122.9,2,122.3,160.8,30.8,0
23.160,2.7,0,79.8,-9.54,130.3,0,190.0,3254,0.9,1.5,122.9,2,122.3,160.8,30.4,0
23.200,3.1,0,79.8,-9.56,130.3,0,190.0,3222,1.0,1.6,122.9,2,122.3,160.8,30.2,0
23.246,4.2,0,79.8,-9.60,129.9,0,190.0,3193,0.6,1.0,122.9,2,122.3,160.8,30.0,0
23.285,5.5,0,79.8,-9.62,129.9,0,190.0,3152,0.4,0.6,122.9,2,122.3,160.8,29.6,0
23.329,6.7,0,80.1,-9.62,129.9,0,190.0,3124,0.3,0.5,122.9,2,122.3,160.8,29.3,0
23.363,7.8,0,80.1,-9.67,129.9,0,190.0,3086,0.1,0.1,122.9,2,122.3,160.8,29.1,0
23.398,8.8,0,80.1,-9.67,129.9,0,190.0,3058,0.0,0.1,122.9,2,122.3,160.9,28.6,0
23.447,10.4,0,80.1,-9.69,129.9,0,190.0,3019,-0.2,-0.3,122.9,2,122.3,160.9,28.4,0
23.480,12.2,0,80.1,-9.68,129.9,0,190.0,2988,-0.3,-0.4,122.9,2,122.3,160.9,28.2,0
23.527,14.5,0,80.1,-9.68,129.7,0,190.2,2955,-0.3,-0.6,122.9,2,122.3,160.9,27.7,0
23.561,17.1,0,79.8,-9.68,129.7,0,190.2,2917,-0.3,-0.6,122.9,2,122.3,160.9,27.5,0
23.603,19.4,0,79.8,-9.67,129.7,0,190.2,2885,-0.4,-0.8,122.9,2,122.0,160.9,27.3,0
23.638,22.8,0,79.8,-9.68,129.7,0,190.2,2849,-0.4,-0.8,122.9,2,122.0,160.9,26.8,0
23.683,26.8,0,79.8,-9.66,129.7,0,190.2,2825,-0.5,-0.9,122.9,2,122.0,160.9,26.5,0
23.728,31.7,0,79.8,-9.66,129.4,0,190.2,2788,-0.6,-1.0,122.9,2,122.0,160.9,26.3,0
23.761,36.9,0,79.8,-9.66,129.4,0,190.2,2746,-0.6,-1.1,122.9,2,122.0,160.9,25.8,0
23.800,43.1,0,79.8,-9.65,129.4,0,190.2,2712,-0.5,-1.0,122.9,2,122.0,160.9,25.5,0
23.845,49.9,0,79.8,-9.65,129.4,0,190.2,2672,-0.6,-1.2,123.0,2,122.0,160.9,25.3,0
23.879,57.1,0,79.8,-9.66,129.4,0,190.2,2646,-0.7,-1.3,123.0,2,122.0,160.9,24.8,0
23.923,64.3,0,79.8,-9.69,129.4,0,190.4,2605,-0.6,-1.2,123.0,2,122.0,160.9,24.6,0
23.967,71.6,0,79.8,-9.68,129.4,0,190.4,2570,-0.6,-1.2,123.0,2,122.0,160.9,24.3,0
24.001,78.8,0,79.8,-9.68,129.2,0,190.4,2524,-0.5,-1.1,123.0,2,121.8,160.9,23.8,0
24.043,85.9,0,79.8,-9.69,129.2,0,190.4,2497,-0.6,-1.3,123.0,2,121.8,160.9,23.6,0
24.079,92.8,0,79.8,-9.72,129.2,0,190.4,2470,-0.6,-1.2,123.0,2,121.8,160.9,23.4,0
24.123,100.1,0,79.8,-9.74,129.2,0,190.4,2455,-0.5,-1.1,123.0,2,121.8,161.0,23.1,0
24.162,106.8,0,79.8,-9.73,129.2,0,190.4,2451,-0.5,-1.0,123.0,2,121.8,161.0,22.9,0
24.206,113.3,0,79.8,-9.75,129.2,0,190.4,2440,-0.5,-1.0,123.0,2,121.8,161.0,22.8,0
24.240,119.4,0,79.8,-9.74,129.2,0,190.4,2432,-0.5,-1.0,123.0,2,121.8,161.0,22.5,0
24.285,124.3,0,79.8,-9.76,129.2,0,190.4,2411,-0.5,-1.0,123.0,2,121.8,161.0,22.4,0
24.321,128.5,0,79.8,-9.76,128.8,0,190.6,2401,-0.4,-1.0,123.0,2,121.8,161.0,22.4,0
24.367,131.7,0,79.8,-9.78,128.8,0,190.6,2400,-0.4,-1.0,123.0,2,121.8,161.0,22.3,0
24.402,135.1,0,79.8,-9.80,128.8,0,190.6,2400,-0.4,-1.0,123.0,2,121.8,161.0,22.2,0
24.446,138.7,0,79.8,-9.80,128.8,0,190.6,2398,-0.4,-1.0,123.0,2,121.8,161.0,22.1,0
24.482,142.9,0,79.8,-9.80,128.8,0,190.6,2375,-0.4,-1.0,123.0,2,121.8,161.0,22.0,0
24.526,147.3,0,79.8,-9.80,128.8,0,190.6,2352,-0.4,-0.9,123.0,2,121.8,161.0,21.9,0
24.560,150.6,6,79.8,-9.80,128.8,0,190.6,2332,-0.4,-0.9,123.0,2,121.8,161.0,21.8,0
24.606,152.1,16,79.8,-9.81,128.7,0,190.6,2324,-0.4,-0.8,123.0,2,121.8,161.0,21.6,0
24.644,152.3,19,79.8,-8.49,128.7,0,190.6,2326,2.1,4.8,123.0,2,121.8,161.0,21.5,0
24.679,152.3,20,79.8,-5.69,128.7,0,190.6,2345,9.0,20.2,123.0,2,121.8,161.0,21.5,0
24.723,152.3,20,79.8,-3.74,128.7,0,190.8,2392,24.4,53.6,123.0,2,121.5,161.0,21.3,0
24.763,151.9,20,79.8,-1.65,128.7,0,190.8,2430,30.1,65.1,123.0,2,121.5,161.0,21.3,0
24.807,151.6,20,79.8,-0.89,128.3,0,190.8,2414,36.1,78.6,123.0,2,121.5,161.0,21.3,0
24.840,151.6,20,79.8,-0.82,128.3,0,190.8,2357,36.5,81.4,123.0,2,121.5,161.0,21.5,0
24.880,152.4,20,79.8,-0.98,128.3,0,190.8,2347,36.0,80.7,123.0,2,121.5,161.0,21.6,0
24.925,153.7,20,79.8,-1.18,128.3,0,190.8,2350,35.8,80.0,123.0,2,121.5,161.0,21.6,0
24.960,155.1,20,79.8,-1.33,128.3,0,190.8,2358,35.1,78.3,123.0,2,121.5,161.0,21.7,0
25.004,156.3,20,79.8,-1.54,128.3,0,190.8,2367,34.9,77.4,123.0,2,121.5,161.0,21.7,0
25.039,157.5,20,79.8,-1.59,128.3,0,190.8,2380,35.1,77.4,123.0,2,121.5,161.1,21.8,0
25.078,159.0,20,79.8,-1.64,128.3,0,190.8,2375,34.8,76.9,123.0,2,121.5,161.1,21.8,0
25.125,160.9,20,79.8,-1.73,128.3,0,190.8,2377,34.6,76.4,123.0,2,121.5,161.1,21.9,0
25.159,163.3,17,79.8,-1.86,128.3,0,190.8,2383,34.2,75.5,123.0,2,121.5,161.1,21.9,0
25.204,166.1,10,79.8,-2.23,128.3,0,190.8,2393,31.3,68.8,123.0,2,121.5,161.1,22.0,0
25.240,168.6,4,79.8,-3.52,128.3,0,190.8,2349,27.4,61.4,123.0,2,121.5,161.1,22.0,0
25.285,170.5,0,79.8,-4.68,128.3,0,190.8,2293,18.7,42.9,123.0,2,121.5,161.1,21.9,0
25.319,171.4,0,79.8,-5.41,128.3,0,190.8,2307,12.6,28.6,123.0,2,121.5,161.1,21.7,0
25.364,172.0,0,79.8,-6.46,128.3,0,190.8,2321,10.5,23.8,123.0,2,121.5,161.1,21.6,0
25.400,172.6,0,79.8,-7.18,128.3,0,190.9,2317,7.7,17.6,123.0,2,121.5,161.1,21.6,0
25.443,172.8,4,79.8,-7.64,128.3,0,190.9,2323,6.0,13.6,123.0,2,121.5,161.1,21.4,0
25.488,173.0,8,79.8,-8.25,128.3,0,190.9,2331,4.9,11.1,123.0,2,121.5,161.1,21.4,0
25.521,173.0,14,79.8,-8.55,128.3,0,190.9,2309,3.7,8.3,123.0,2,121.5,161.1,21.4,0
25.566,173.1,18,79.8,-7.97,128.3,0,190.9,2294,6.7,15.4,123.0,2,121.5,161.1,21.3,0
25.601,173.1,21,79.8,-6.26,128.3,0,190.9,2303,9.6,21.9,123.0,2,121.5,161.1,21.2,0
25.646,173.1,23,79.8,-4.16,128.1,0,190.9,2316,18.4,41.8,123.0,2,121.5,161.1,21.2,0
25.679,173.1,24,79.8,-2.88,128.1,0,190.9,2322,30.4,68.7,123.0,2,121.5,161.1,21.2,0
25.728,173.0,25,79.8,-1.25,128.1,0,190.9,2307,33.5,76.4,123.0,2,121.5,161.1,21.2,0
25.762,172.0,25,79.8,-0.02,128.1,0,190.9,2303,40.0,91.2,123.0,2,121.5,161.1,21.2,0
25.806,170.6,25,79.8,0.29,128.1,0,190.9,2331,42.0,94.7,123.1,2,121.5,161.1,21.2,0
25.841,168.9,25,79.8,0.29,128.1,0,190.9,2373,42.7,94.6,123.1,2,121.5,161.1,21.3,0
25.885,167.1,25,79.8,0.24,128.1,0,190.9,2389,42.4,93.3,123.1,2,121.5,161.1,21.4,0
25.920,165.5,25,79.8,0.23,128.1,0,190.9,2393,42.2,92.7,123.1,2,121.2,161.2,21.6,0
25.963,163.0,25,79.8,0.22,128.1,0,190.9,2385,42.1,92.8,123.1,2,121.2,161.2,21.8,0
26.007,159.7,24,79.8,0.06,127.8,0,190.9,2371,41.7,92.4,123.1,2,121.2,161.2,21.8,0
26.044,156.6,24,79.8,-0.05,127.8,0,190.9,2369,42.4,93.9,123.1,2,121.2,161.2,21.8,0
26.080,154.2,24,79.8,-0.38,127.8,0,190.9,2374,42.2,93.3,123.1,2,121.2,161.2,21.9,0
26.126,154.2,25,79.5,-0.59,127.8,0,190.9,2397,41.7,91.2,123.1,2,121.2,161.2,21.9,0
26.163,155.6,25,79.5,-0.58,127.8,0,190.9,2412,42.0,91.5,123.1,2,121.2,161.2,22.0,0
26.204,157.6,25,79.5,-0.57,127.8,0,190.9,2426,42.4,91.7,123.1,2,121.2,161.2,22.1,0
26.246,159.6,25,79.8,-0.54,128.1,0,190.9,2444,42.8,92.0,123.1,2,121.2,161.2,22.2,0
26.279,161.1,25,79.8,-0.54,128.1,0,190.9,2442,42.8,92.1,123.1,2,121.2,161.2,22.3,0
26.323,162.2,25,79.5,-0.58,127.8,0,190.9,2454,43.0,92.0,123.1,2,121.2,161.2,22.4,0
26.367,163.0,25,79.5,-0.64,127.8,0,190.9,2477,43.4,92.0,123.1,2,121.2,161.2,22.5,0
26.404,163.3,25,79.5,-0.63,128.1,0,191.1,2492,43.6,92.0,123.1,2,121.2,161.2,22.7,0
26.444,163.2,25,79.8,-0.65,128.1,0,191.1,2504,43.9,92.0,123.1,2,121.2,161.2,22.8,0
26.479,163.5,25,79.8,-0.67,128.1,0,191.1,2530,44.5,92.3,123.1,2,121.2,161.2,23.0,0
26.523,163.8,24,79.8,-0.70,128.1,0,191.1,2559,44.8,92.0,123.1,2,121.2,161.2,23.3,0
26.568,164.0,24,79.5,-0.77,128.1,0,191.1,2572,44.8,91.6,123.1,2,121.2,161.2,23.3,0
26.605,164.0,24,79.5,-0.78,128.1,0,191.1,2547,44.4,91.5,123.1,2,121.2,161.2,23.3,0
26.639,164.1,24,79.5,-0.79,128.1,0,191.1,2533,44.3,91.8,123.1,2,121.2,161.2,23.5,0
26.684,164.4,24,79.5,-0.86,128.1,0,191.1,2548,44.5,91.7,123.1,2,121.2,161.2,23.5,0
26.729,164.9,24,79.5,-0.93,128.1,0,191.1,2563,44.3,90.7,123.1,2,121.0,161.3,23.4,0
26.762,166.1,22,79.5,-0.95,128.1,0,191.1,2560,44.1,90.4,123.1,2,121.0,161.3,23.5,0
26.800,167.9,20,79.5,-1.17,128.1,0,191.1,2557,43.7,89.8,123.1,2,121.0,161.3,23.5,0
26.846,169.6,16,79.5,-1.83,128.3,0,191.1,2559,40.8,83.6,123.1,2,121.0,161.3,23.5,0
26.884,170.8,6,79.5,-2.51,128.3,0,191.1,2559,34.3,70.4,123.1,2,121.0,161.3,23.6,0
26.929,171.7,0,79.8,-4.29,128.3,0,191.3,2556,28.5,58.5,123.1,2,121.0,161.3,23.6,0
26.959,173.0,0,79.8,-5.73,128.3,0,191.3,2524,15.6,32.5,123.1,2,121.0,161.3,23.6,0
27.003,174.1,0,79.8,-6.23,128.3,0,191.3,2474,12.2,26.0,123.1,2,121.0,161.3,23.4,0
27.048,175.3,6,79.8,-7.06,128.3,0,191.3,2465,9.5,20.4,123.1,2,121.0,161.3,23.3,0
27.082,176.7,12,79.8,-7.67,128.3,0,191.3,2452,7.2,15.3,123.1,2,121.0,161.3,23.2,0
27.126,178.2,14,79.8,-7.79,128.3,0,191.3,2425,6.2,13.3,123.2,2,121.0,161.3,23.0,0
27.161,178.9,14,79.5,-6.96,128.3,0,191.3,2440,8.0,17.2,123.2,2,121.0,161.3,22.9,0
27.205,178.8,14,79.5,-6.01,128.1,0,191.3,2449,11.8,25.2,123.2,2,120.7,161.3,22.8,0
27.244,178.2,14,79.8,-5.85,128.1,0,191.3,2458,13.0,27.9,123.2,2,120.7,161.3,22.6,0
27.287,177.1,14,79.8,-5.59,128.1,0,191.3,2469,13.7,29.1,123.2,2,120.7,161.3,22.5,0
27.322,176.2,14,79.8,-5.65,128.1,0,191.3,2480,13.2,28.0,123.2,2,120.7,161.3,22.4,0
27.367,176.0,14,79.8,-5.42,128.1,0,191.3,2457,14.3,30.5,123.2,2,120.7,161.3,22.4,0
27.402,176.0,14,79.8,-5.38,128.1,0,191.3,2449,13.8,29.6,123.2,2,120.7,161.3,22.4,0
27.446,176.0,14,79.5,-5.11,128.1,0,191.3,2446,14.8,31.7,123.2,2,120.7,161.4,22.5,0
27.484,175.0,14,79.5,-5.07,128.1,0,191.3,2441,14.6,31.4,123.2,2,120.7,161.4,22.5,0
27.528,172.7,14,79.5,-4.91,127.8,0,191.3,2440,14.8,31.8,123.2,2,120.4,161.4,22.5,0
27.567,170.1,14,79.5,-4.83,127.8,0,191.3,2442,15.1,32.6,123.2,2,120.4,161.4,22.5,0
27.602,166.8,14,79.5,-4.78,127.8,0,191.3,2436,15.2,32.7,123.2,2,120.4,161.4,22.4,0
27.647,165.7,14,79.5,-4.64,127.8,0,191.3,2431,15.7,33.9,123.2,2,120.4,161.4,22.4,0
27.680,166.3,14,79.5,-4.59,127.8,0,191.3,2422,15.6,33.8,123.2,2,120.4,161.4,22.4,0
27.725,167.8,14,79.5,-4.50,127.8,0,191.3,2422,16.2,35.0,123.2,2,120.2,161.4,22.4,0
27.762,170.0,14,79.5,-4.49,127.8,0,191.3,2426,16.1,34.9,123.2,2,120.2,161.4,22.3,0
27.807,172.3,14,79.5,-4.46,127.6,0,191.5,2428,16.3,35.2,123.2,2,120.2,161.4,22.3,0
27.841,173.0,14,79.5,-4.47,127.6,0,191.5,2424,16.1,34.9,123.2,2,120.2,161.4,22.2,0
27.885,172.5,14,79.5,-4.51,127.6,0,191.5,2403,15.8,34.5,123.2,2,120.2,161.4,22.3,0
27.922,172.3,14,79.5,-4.44,127.6,0,191.5,2406,15.9,34.7,123.2,2,120.2,161.4,22.3,0
27.967,172.3,14,79.5,-4.41,127.6,0,191.5,2418,15.9,34.6,123.2,2,120.2,161.4,22.2,0
28.002,172.3,14,79.5,-4.42,127.6,0,191.5,2417,15.8,34.3,123.2,2,120.2,161.4,22.2,0
28.047,171.6,14,79.5,-4.44,127.2,0,191.5,2409,15.6,34.1,123.2,2,119.9,161.4,22.2,0
28.084,170.3,14,79.5,-4.45,127.2,0,191.5,2386,15.4,33.8,123.2,2,119.9,161.4,22.1,0
28.129,169.1,14,79.5,-4.44,127.2,0,191.5,2373,15.4,34.1,123.2,2,119.9,161.4,22.1,0
28.165,168.6,14,79.5,-4.43,127.2,0,191.5,2382,15.5,34.1,123.2,2,119.9,161.4,22.0,0
28.199,168.5,14,79.5,-4.45,127.0,0,191.5,2392,15.5,33.9,123.2,2,119.9,161.5,22.0,0
28.243,168.9,14,79.5,-4.44,127.0,0,191.5,2396,15.5,34.1,123.2,2,119.9,161.5,22.0,0
28.283,168.9,14,79.5,-4.39,127.0,0,191.5,2389,15.8,34.7,123.2,2,119.9,161.5,22.0,0
28.327,168.9,14,79.5,-4.39,127.0,0,191.5,2387,15.8,34.7,123.2,2,119.9,161.5,22.0,0
28.362,168.6,14,79.8,-4.41,127.0,0,191.5,2390,15.8,34.7,123.2,2,119.9,161.5,22.0,0
28.407,167.7,18,79.8,-4.30,127.0,0,191.5,2384,16.1,35.6,123.2,2,119.9,161.5,22.0,0
28.443,166.5,22,79.5,-3.93,127.0,0,191.5,2386,18.9,41.6,123.2,2,119.9,161.5,22.0,0
28.487,165.7,24,79.5,-2.42,127.0,0,191.5,2393,26.3,57.6,123.2,2,119.9,161.5,22.0,0
28.522,164.7,25,79.5,-0.47,126.7,0,191.5,2415,35.9,78.0,123.2,2,119.9,161.5,22.0,0
28.561,162.9,26,79.5,0.25,126.7,0,191.5,2465,41.1,87.6,123.2,2,119.9,161.5,22.1,0
28.605,160.8,26,79.5,0.89,126.7,0,191.5,2474,43.6,92.6,123.2,2,119.9,161.5,22.2,0
28.640,158.2,27,79.5,1.27,126.7,0,191.5,2470,45.2,96.1,123.2,2,119.9,161.5,22.3,0
28.685,154.5,28,79.5,1.50,126.7,0,191.5,2480,47.7,101.0,123.2,2,119.9,161.5,22.6,0
28.722,150.0,28,79.5,1.77,126.7,0,191.5,2498,48.9,102.8,123.2,2,119.9,161.5,22.7,0
28.767,144.5,30,79.5,1.92,126.7,0,191.5,2524,51.2,106.6,123.2,2,119.9,161.5,22.8,0
28.802,139.4,34,79.5,2.04,126.7,0,191.5,2556,54.8,112.6,123.2,2,119.6,161.5,23.1,0
28.846,134.1,36,79.5,2.55,126.7,0,191.5,2583,58.4,118.7,123.2,2,119.6,161.5,23.3,0
28.881,128.3,38,79.5,3.38,126.7,0,191.5,2632,65.4,130.5,123.2,2,119.6,161.5,23.4,0
28.925,121.5,40,79.5,3.66,126.7,0,191.5,2660,68.7,135.6,123.3,2,119.6,161.6,23.7,0
28.969,113.6,42,79.8,4.32,126.7,0,191.5,2655,69.6,137.6,123.3,2,119.6,161.6,23.8,0
29.004,104.8,46,79.8,4.98,126.7,0,191.7,2635,71.3,142.1,123.3,2,119.6,161.6,24.0,0
29.039,95.8,50,79.5,5.41,126.7,0,191.7,2617,73.0,146.5,123.3,2,119.6,161.6,24.1,0
29.087,86.8,52,79.5,6.06,126.7,0,191.7,2637,75.2,149.8,123.3,2,119.6,161.6,24.1,0
29.122,78.3,56,79.8,6.78,127.0,0,191.7,2660,77.6,153.2,123.3,2,119.6,161.6,24.1,0
29.161,71.3,59,79.8,7.33,127.0,0,191.7,2663,79.3,156.4,123.3,2,119.6,161.6,24.3,0
29.205,63.6,60,79.8,8.11,127.0,0,191.7,2701,80.9,157.3,123.3,2,119.6,161.6,24.4,0
29.240,56.2,58,79.5,9.03,127.0,0,191.7,2733,85.5,164.3,123.3,2,119.6,161.6,24.5,0
29.279,49.2,23,79.5,9.62,127.0,0,191.7,2751,88.4,168.8,123.3,2,119.6,161.6,24.9,0
29.323,42.2,2,79.5,10.89,127.2,0,191.7,2725,87.7,169.0,123.3,2,119.6,161.6,25.1,0
29.362,36.7,0,79.5,8.40,127.2,0,191.7,2625,85.7,171.5,123.3,2,119.6,161.6,25.2,0
29.406,32.1,0,79.5,2.57,127.2,0,191.7,2676,51.8,101.7,123.3,2,119.6,161.6,25.3,0
29.442,26.9,0,79.5,-2.91,127.2,0,191.7,2730,29.6,56.9,123.3,2,119.6,161.6,25.4,0
29.486,20.9,0,79.5,-5.97,127.2,0,191.7,2751,13.6,26.0,123.3,2,119.6,161.6,25.4,0
29.522,15.3,0,79.5,-7.43,127.6,0,191.8,2724,6.7,13.0,123.3,2,119.4,161.6,25.5,0
29.569,10.3,0,79.8,-8.64,127.6,0,191.8,2748,5.8,11.1,123.3,2,119.4,161.6,25.5,0
29.603,5.2,0,79.8,-9.01,127.8,0,191.8,2718,3.7,7.2,123.3,2,119.4,161.6,25.5,0
29.641,0.8,0,79.5,-9.02,127.8,0,191.8,2722,3.2,6.2,123.3,2,119.4,161.7,25.5,0
29.682,8.2,0,79.5,-9.13,127.8,0,191.8,2721,2.7,5.2,123.3,2,119.4,161.7,25.4,0
29.726,16.8,0,79.5,-9.27,127.8,0,191.8,2734,2.0,3.8,123.3,2,119.4,161.7,25.3,0
29.761,25.6,0,79.5,-9.38,127.8,0,191.8,2718,1.2,2.4,123.3,2,119.4,161.7,25.0,0
29.807,34.6,0,79.5,-9.44,127.8,0,191.8,2705,1.0,1.9,123.3,2,119.4,161.7,24.8,0
29.842,42.5,0,79.5,-9.52,127.8,0,191.8,2685,0.5,1.0,123.3,2,119.4,161.7,24.7,0
29.886,49.6,0,79.5,-9.53,127.8,0,191.8,2666,0.2,0.4,123.3,2,119.4,161.7,24.4,0
29.932,56.0,0,79.8,-9.53,127.6,0,191.8,2573,0.2,0.4,123.3,2,119.1,161.7,24.2,0
29.961,62.7,0,79.8,-9.52,127.6,0,191.8,2523,0.2,0.4,123.3,2,119.1,161.7,24.1,0
30.004,70.3,0,79.8,-9.53,127.2,0,191.8,2476,0.0,0.1,123.3,2,119.1,161.7,23.6,0
30.043,78.9,0,79.5,-9.52,127.2,0,191.8,2446,0.0,0.1,123.3,2,119.1,161.7,23.3,0
30.087,88.1,0,79.5,-9.56,127.2,0,191.8,2421,-0.1,-0.1,123.3,2,119.1,161.7,23.1,0
30.122,97.8,0,79.5,-9.53,127.0,0,191.8,2392,-0.1,-0.1,123.3,2,118.8,161.7,22.6,0
30.162,108.6,0,79.8,-9.52,127.0,0,191.8,2360,-0.1,-0.2,123.3,2,118.8,161.7,22.3,0
30.205,119.5,0,79.8,-9.50,126.7,0,191.8,2313,-0.0,0.0,123.3,2,118.8,161.7,22.0,0
30.243,129.8,0,79.5,-9.52,126.7,0,191.8,2258,-0.1,-0.3,123.3,2,118.8,161.7,21.3,0
30.289,140.0,0,79.5,-9.50,126.7,0,191.8,2177,-0.2,-0.4,123.3,2,118.8,161.7,20.9,0
30.323,149.2,0,79.8,-9.52,126.7,0,191.8,2132,-0.0,-0.1,123.4,2,118.6,161.7,20.6,0
30.359,157.0,0,79.8,-9.56,126.7,0,191.8,2073,-0.0,-0.1,123.4,2,118.6,161.7,20.0,0
30.404,164.0,0,79.8,-9.56,126.7,0,191.8,2029,0.0,0.1,123.4,2,118.6,161.7,19.6,0
30.448,169.4,0,79.8,-9.54,126.5,0,191.8,1995,0.1,0.2,123.4,2,118.6,161.8,19.3,0
30.481,173.4,0,79.8,-9.52,126.5,0,191.8,1967,0.2,0.6,123.4,2,118.6,161.8,19.3,0
30.524,177.9,0,79.8,-9.48,126.5,0,192.0,2005,0.3,0.7,123.4,2,118.6,161.8,19.1,0
30.567,184.9,0,79.8,-9.49,126.5,0,192.0,2067,0.3,0.9,123.4,2,118.6,161.8,19.0,0
30.601,193.4,16,79.8,-9.53,126.1,0,192.0,2086,0.1,0.4,123.4,2,118.6,161.8,18.9,0
30.649,202.9,22,79.8,-9.13,126.1,0,192.0,2068,0.8,2.0,123.4,2,118.6,161.8,18.9,0
30.686,213.3,23,79.8,-6.08,126.1,0,192.0,2058,7.7,19.5,123.4,2,118.6,161.8,18.8,0
30.720,222.2,23,79.8,-3.44,126.0,0,192.0,2093,23.7,59.4,123.4,2,118.6,161.8,18.8,0
30.761,228.5,24,79.8,-0.96,126.0,0,192.0,2121,30.5,75.6,123.4,2,118.6,161.8,18.7,0
30.807,230.8,24,79.8,-0.00,126.0,0,192.0,2164,35.8,87.0,123.4,2,118.6,161.8,18.7,0
30.842,229.4,24,79.8,0.37,126.0,0,192.0,2094,37.3,93.6,123.4,2,118.6,161.8,19.0,0
30.886,226.2,26,79.8,0.68,126.0,0,192.0,2055,37.8,96.6,123.4,2,118.6,161.8,18.9,0
30.933,222.9,30,79.8,0.88,125.6,0,192.0,2056,39.0,99.5,123.4,2,118.6,161.8,18.9,0
30.965,219.4,36,79.8,1.14,125.6,0,192.0,2072,41.0,103.8,123.4,2,118.6,161.8,18.8,0
31.004,216.4,38,79.8,1.62,125.6,0,192.0,2058,42.1,107.5,123.4,2,118.6,161.8,18.9,0
31.040,213.5,40,79.8,1.84,125.6,0,192.0,2055,43.1,110.1,123.4,2,118.6,161.8,18.9,0
31.085,210.9,42,79.8,1.96,125.6,0,192.0,2063,44.3,112.8,123.4,2,118.6,161.8,18.9,0
31.130,208.3,43,79.8,2.12,125.6,0,192.0,2070,44.9,113.9,123.4,2,118.6,161.8,19.0,0
31.164,205.1,45,79.8,2.35,125.6,0,192.0,2089,46.6,117.3,123.4,2,118.6,161.8,19.1,0
31.199,201.3,46,79.8,2.44,125.6,0,192.0,2110,48.5,120.8,123.4,2,118.6,161.8,19.2,0
31.246,196.4,47,79.5,2.66,125.6,0,192.0,2132,51.3,126.3,123.4,2,118.6,161.8,19.3,0
31.280,191.1,48,79.5,2.94,125.6,0,192.0,2160,54.9,133.6,123.4,2,118.6,161.8,19.4,0
31.325,184.3,48,79.5,3.10,125.6,0,192.0,2188,56.1,134.6,123.4,2,118.3,161.9,19.6,0
31.363,177.0,50,79.8,3.49,125.6,0,192.0,2189,55.6,133.4,123.4,2,118.3,161.9,19.8,0
31.408,169.1,52,79.8,3.85,125.6,0,192.0,2210,56.7,134.8,123.4,2,118.3,161.9,20.0,0
31.442,161.6,54,79.8,4.10,125.6,0,192.0,2227,58.5,138.1,123.4,2,118.3,161.9,20.1,0
31.486,155.5,56,79.8,4.51,125.6,0,192.0,2224,59.7,141.0,123.4,2,118.3,161.9,20.2,0
31.533,148.9,58,79.8,4.99,126.0,0,192.0,2245,62.0,145.2,123.4,2,118.3,161.9,20.4,0
31.561,142.6,62,79.8,5.27,126.0,0,192.0,2300,65.2,148.8,123.4,2,118.3,161.9,20.5,0
31.605,135.8,64,79.8,5.86,126.0,0,192.0,2283,65.5,150.6,123.4,2,118.3,161.9,20.7,0
31.648,127.2,66,79.8,6.38,126.0,0,192.0,2295,68.7,157.2,123.4,2,118.3,161.9,20.9,0
31.683,117.8,68,79.8,6.78,126.0,0,192.0,2343,71.3,159.8,123.4,2,118.3,161.9,21.1,0
31.727,106.3,69,79.5,7.49,126.1,0,192.0,2360,72.4,161.2,123.4,2,118.3,161.9,21.3,0
31.767,94.3,71,79.5,8.19,126.1,0,192.0,2353,74.9,167.3,123.4,2,118.3,161.9,21.3,0
31.803,81.9,72,79.5,8.76,126.1,0,192.0,2317,76.0,172.4,123.4,2,118.3,161.9,21.4,0
31.848,69.4,72,79.8,9.44,126.1,0,192.0,2326,78.5,177.2,123.4,2,118.3,161.9,21.5,0
31.882,57.6,73,79.8,10.19,126.1,0,192.0,2369,81.3,180.3,123.4,2,118.3,161.9,21.5,0
31.926,46.0,73,79.8,10.82,126.5,0,192.0,2419,84.2,182.8,123.5,2,118.3,161.9,21.8,0
31.964,35.8,73,79.8,11.75,126.5,0,192.0,2460,85.5,182.5,123.5,2,118.3,161.9,22.0,0
32.000,25.6,73,79.8,12.81,126.7,0,192.2,2494,88.7,186.8,123.5,2,118.0,161.9,22.2,0
32.046,15.5,70,79.8,13.53,126.7,0,192.2,2535,91.5,189.5,123.5,2,118.0,161.9,22.6,0
32.083,6.9,57,79.8,14.52,126.7,0,192.2,2551,91.6,188.7,123.5,2,118.0,161.9,22.8,0
32.127,0.5,20,79.8,15.72,126.7,0,192.2,2552,93.5,192.4,123.5,2,118.0,162.0,23.1,0
32.165,5.9,0,79.8,15.25,126.7,0,192.2,2628,100.9,201.6,123.5,2,118.0,162.0,23.5,0
32.212,8.4,0,79.8,9.86,126.7,0,192.2,2627,88.0,175.8,123.5,2,118.0,162.0,23.8,0
32.246,8.9,0,79.5,3.33,127.2,0,192.2,2602,56.3,113.7,123.5,2,118.0,162.0,24.0,0
32.284,8.7,0,79.5,0.02,127.2,0,192.2,2522,37.1,77.3,123.5,2,118.0,162.0,24.3,0
32.328,7.4,0,79.8,-2.79,127.6,0,192.2,2487,28.3,59.7,123.5,2,118.0,162.0,24.2,0
32.362,5.7,0,79.8,-5.45,127.6,0,192.2,2570,17.6,35.8,123.5,2,118.0,162.0,24.2,0
32.400,5.2,0,79.8,-6.41,127.8,0,192.2,2607,10.1,20.4,123.5,2,117.8,162.0,24.2,0
32.449,7.0,0,79.5,-7.25,127.8,0,192.2,2600,10.3,20.8,123.5,2,117.8,162.0,24.1,0
32.483,8.8,0,79.5,-7.91,127.8,0,192.2,2615,6.7,13.3,123.5,2,117.8,162.0,23.8,0
32.527,9.4,0,79.5,-8.14,127.8,0,192.2,2557,5.3,10.9,123.5,2,117.8,162.0,23.6,0
32.572,9.4,0,79.8,-8.72,127.8,0,192.2,2507,4.6,9.6,123.5,2,117.8,162.0,23.5,0
32.606,9.2,0,79.8,-8.97,127.6,0,192.2,2456,3.3,7.0,123.5,2,117.8,162.0,23.4,0
32.645,8.2,0,79.8,-9.17,127.6,0,192.2,2415,2.0,4.4,123.5,2,117.8,162.0,22.9,0
32.690,7.7,0,79.8,-9.27,127.6,0,192.2,2380,1.7,3.7,123.5,2,117.8,162.0,22.7,0
32.725,7.6,0,79.8,-9.42,127.2,0,192.2,2353,1.0,2.2,123.5,2,117.5,162.0,22.4,0
32.763,7.6,0,79.8,-9.43,127.2,0,192.2,2330,0.8,1.7,123.5,2,117.5,162.0,21.9,0
32.808,7.7,0,79.8,-9.49,127.2,50,192.2,2286,0.5,1.1,123.5,2,117.5,162.0,21.6,0
32.842,7.7,0,79.8,-9.46,127.0,50,192.2,2236,0.1,0.3,123.5,15,117.5,162.1,21.3,0
32.886,7.8,0,79.8,-9.33,127.0,50,192.2,2194,0.8,1.9,123.5,15,117.5,162.1,20.8,0
32.932,7.8,0,79.8,-9.05,126.7,50,192.4,2158,1.4,3.3,123.5,15,117.5,162.1,20.4,0
32.967,7.7,0,79.8,-9.01,126.7,75,192.4,2156,1.9,4.6,123.5,15,117.5,162.1,20.1,0
33.000,7.8,0,79.8,-9.01,126.5,100,192.4,2138,1.9,4.6,123.5,15,117.2,162.1,19.5,0
33.047,8.6,0,79.5,-9.07,126.5,100,192.4,2125,1.7,4.2,123.5,15,117.2,162.1,19.2,0
33.082,10.4,0,79.5,-9.11,126.5,100,192.4,2098,1.6,4.1,123.5,15,117.2,162.1,18.9,0
33.127,13.3,0,79.5,-9.12,126.1,100,192.4,2064,1.6,4.1,123.5,15,117.2,162.1,18.2,0
33.166,17.3,0,79.8,-9.15,126.1,100,192.4,2028,1.6,4.1,123.5,15,117.2,162.1,17.9,0
33.202,22.1,0,79.8,-9.14,126.0,100,192.4,2011,1.6,4.3,123.5,15,117.2,162.1,17.6,0
33.241,26.9,0,79.5,-9.11,126.0,100,192.4,1972,1.7,4.6,123.5,15,117.2,162.1,16.9,0
33.286,32.1,0,79.5,-9.15,126.0,100,192.4,1959,1.7,4.6,123.5,15,117.2,162.1,16.6,0
33.330,36.7,0,79.8,-9.12,125.6,100,192.4,1946,1.7,4.5,123.5,15,117.0,162.1,16.3,0
33.360,42.2,0,79.8,-9.11,125.6,100,192.4,1919,1.7,4.6,123.5,15,117.0,162.1,15.8,0
33.404,47.8,0,79.8,-9.10,125.6,100,192.4,1907,1.7,4.7,123.5,15,117.0,162.1,15.5,0
33.449,53.2,0,79.5,-9.08,125.6,100,192.4,1886,1.7,4.8,123.5,15,117.0,162.1,15.2,0
33.485,59.1,0,79.5,-9.08,125.6,100,192.4,1867,1.8,4.9,123.5,15,117.0,162.1,14.7,0
33.530,65.2,0,79.5,-9.09,125.4,100,192.4,1837,1.7,5.0,123.6,15,117.0,162.1,14.5,0
33.561,71.9,0,79.5,-9.09,125.4,100,192.4,1817,1.7,5.1,123.6,15,117.0,162.1,14.3,0
33.605,78.9,0,79.5,-9.07,125.4,100,192.4,1781,1.8,5.3,123.6,15,117.0,162.2,13.8,0
33.643,85.8,0,79.5,-9.05,125.4,100,192.4,1758,1.9,5.5,123.6,15,117.0,162.2,13.5,0
33.687,92.6,0,79.5,-9.03,125.4,100,192.4,1732,1.8,5.4,123.6,15,117.0,162.2,13.3,0
33.722,99.0,0,79.5,-9.05,125.1,100,192.4,1706,1.8,5.5,123.6,15,117.0,162.2,12.8,0
33.765,105.0,0,79.8,-9.04,125.1,100,192.4,1660,1.8,5.8,123.6,15,117.0,162.2,12.5,0
33.800,110.6,0,79.8,-9.00,125.1,100,192.4,1634,1.9,6.0,123.6,15,117.0,162.2,12.3,0
33.845,115.6,0,79.5,-8.99,125.1,100,192.4,1616,1.9,6.3,123.6,15,117.0,162.2,11.8,0
33.890,120.0,0,79.5,-8.99,125.1,100,192.4,1596,1.9,6.2,123.6,15,117.0,162.2,11.6,0
33.924,124.0,0,79.8,-8.97,125.1,100,192.4,1574,1.9,6.3,123.6,15,117.0,162.2,11.3,0
33.960,127.3,0,79.8,-8.96,125.1,100,192.4,1556,2.0,6.6,123.6,15,117.0,162.2,10.8,0
34.005,129.9,0,79.8,-8.94,125.1,100,192.4,1538,2.0,6.6,123.6,15,117.0,162.2,10.5,0
34.041,131.8,0,79.5,-8.92,124.9,100,192.4,1520,1.9,6.7,123.6,15,117.0,162.2,10.3,0
34.080,132.4,0,79.5,-8.90,124.9,100,192.4,1501,2.0,6.9,123.6,15,117.0,162.2,9.8,0
34.125,131.7,0,79.5,-8.88,124.9,100,192.6,1482,2.0,7.2,123.6,15,117.0,162.2,9.5,0
34.168,129.3,0,79.5,-8.90,124.9,100,192.6,1458,1.9,7.0,123.6,15,117.0,162.2,9.2,0
34.202,125.5,0,79.5,-8.87,124.5,100,192.6,1436,1.9,7.1,123.6,15,116.7,162.2,8.7,0
34.250,120.3,0,79.5,-8.85,124.5,100,192.6,1414,1.9,7.1,123.6,15,116.7,162.2,8.4,0
34.284,115.0,0,79.5,-8.86,124.5,100,192.6,1393,1.9,7.2,123.6,15,116.7,162.2,8.1,0
34.321,109.3,0,79.5,-8.84,124.5,100,192.6,1366,1.8,7.1,123.6,15,116.7,162.2,7.6,0
34.366,103.1,0,79.5,-8.83,124.5,100,192.6,1341,1.9,7.3,123.6,15,116.7,162.2,7.3,0
34.412,95.8,0,79.5,-8.81,124.5,100,192.6,1332,1.9,7.3,123.6,15,116.7,162.2,7.0,0
34.445,87.5,0,79.5,-8.82,124.5,100,192.6,1311,1.8,7.1,123.6,15,116.7,162.2,6.5,0
34.490,78.5,0,79.5,-8.80,124.5,100,192.6,1292,1.7,7.1,123.6,15,116.7,162.2,6.2,0
34.525,68.0,0,79.5,-8.79,124.3,100,192.6,1276,1.7,7.1,123.6,15,116.7,162.2,5.9,0
34.565,56.7,0,79.5,-8.79,124.3,100,192.6,1258,1.7,7.0,123.6,15,116.7,162.2,5.4,0
34.610,45.6,0,79.5,-8.79,124.3,100,192.6,1234,1.6,6.9,123.6,15,116.7,162.2,5.1,0
34.645,34.8,0,79.5,-8.75,124.3,100,192.6,1223,1.7,7.2,123.6,15,116.7,162.2,4.8,0
34.680,24.1,0,79.5,-8.75,124.3,100,192.6,1202,1.6,7.2,123.6,15,116.7,162.2,4.3,0
34.725,14.0,0,79.5,-8.74,124.3,100,192.6,1184,1.6,7.2,123.6,15,116.7,162.2,4.0,0
34.761,6.1,0,79.5,-8.72,124.3,100,192.6,1174,1.6,7.3,123.6,15,116.7,162.2,3.5,0
34.805,2.1,0,79.5,-8.70,124.3,100,192.6,1152,1.6,7.4,123.6,15,116.7,162.2,3.2,0
34.849,1.4,0,79.5,-8.67,124.3,100,192.6,1149,1.7,7.7,123.6,15,116.7,162.2,2.9,0
34.886,1.0,0,79.5,-8.63,124.3,100,192.6,1145,1.7,8.0,123.6,15,116.7,162.2,2.7,0
34.930,1.3,0,79.5,-8.60,124.0,100,192.6,1137,1.7,8.0,123.6,15,116.7,162.3,2.2,0
34.964,1.6,0,79.5,-8.60,124.0,100,192.6,1127,1.7,8.1,123.6,15,116.7,162.3,1.9,0
35.005,1.8,0,79.5,-8.61,124.0,100,192.7,1125,1.7,8.0,123.6,15,116.7,162.3,1.7,0
35.044,2.5,0,79.5,-8.60,124.0,100,192.7,1120,1.7,8.2,123.6,15,116.7,162.3,1.3,0
35.089,3.2,0,79.5,-8.58,124.0,100,192.7,1110,1.7,8.2,123.6,15,116.7,162.3,1.1,0
35.133,3.7,0,79.8,-8.57,124.0,100,192.7,1093,1.7,8.4,123.6,15,116.7,162.3,0.9,0
35.169,3.7,0,79.8,-8.56,124.0,100,192.7,1086,1.7,8.4,123.6,15,116.7,162.3,0.6,0
35.204,3.2,0,79.8,-8.56,124.0,100,192.7,1073,1.7,8.4,123.6,15,116.7,162.3,0.4,0
35.248,3.4,0,79.5,-8.54,123.8,100,192.7,1060,1.7,8.4,123.6,15,116.7,162.3,0.3,0
35.286,3.9,0,79.5,-8.55,123.8,100,192.7,1053,1.7,8.5,123.6,15,116.7,162.3,0.1,0
35.330,4.5,0,79.8,-8.54,123.8,100,192.7,1030,1.7,8.6,123.6,15,116.7,162.3,0.1,0
35.365,4.8,0,79.8,-8.54,123.8,100,192.7,1023,1.7,8.6,123.6,15,116.7,162.3,0.0,0
35.410,4.7,0,79.8,-8.51,123.8,100,192.7,1022,1.7,8.7,123.6,15,116.4,162.3,0.0,0
35.445,4.7,0,79.5,-8.49,123.8,100,192.7,1018,1.7,8.9,123.6,15,116.4,162.3,0.0,0
35.489,4.7,0,79.5,-8.46,123.8,100,192.7,1009,1.7,8.9,123.6,15,116.4,162.3,0.0,0
35.523,4.7,0,79.5,-8.44,123.8,100,192.7,1002,1.7,9.1,123.6,15,116.7,162.3,0.0,0
35.567,4.7,0,79.8,-8.43,123.8,100,192.7,988,1.7,9.2,123.6,15,116.7,162.3,0.0,0
35.602,4.7,0,79.8,-8.43,123.4,100,192.7,983,1.7,9.3,123.6,15,116.4,162.3,0.0,0
35.640,4.7,0,79.5,-8.41,123.4,100,192.7,980,1.8,9.4,123.6,15,116.4,162.3,0.0,0
35.685,4.7,0,79.5,-8.39,123.4,100,192.7,978,1.8,9.4,123.6,15,116.4,162.3,0.0,0
35.732,4.7,0,79.5,-8.36,123.4,100,192.9,972,1.8,9.6,123.6,15,116.4,162.3,0.0,0
35.761,4.7,0,79.5,-8.36,123.4,100,192.9,978,1.8,9.8,123.6,15,116.4,162.3,0.0,0
35.805,4.7,0,79.5,-8.31,123.4,100,192.9,970,1.8,9.8,123.6,15,116.4,162.3,0.0,0
35.849,4.7,0,79.5,-8.31,123.4,100,192.9,967,1.8,10.0,123.6,15,116.4,162.3,0.0,0
35.883,4.7,0,79.5,-8.30,123.4,100,192.9,967,1.9,10.1,123.6,15,116.4,162.3,0.0,0
35.927,4.7,0,79.8,-8.29,123.4,100,192.9,961,1.9,10.3,123.6,15,116.4,162.3,0.0,0
35.962,4.7,0,79.8,-8.27,123.4,100,192.9,957,1.9,10.4,123.6,15,116.4,162.3,0.0,0
36.008,4.7,0,79.8,-8.26,123.4,100,192.9,964,1.9,10.5,123.6,15,116.4,162.3,0.0,0
36.125,4.7,0,79.5,-8.24,123.4,100,192.9,963,2.0,10.8,123.6,15,116.4,162.3,0.0,0
36.137,4.7,0,79.5,-8.19,123.4,100,192.9,962,2.0,11.1,123.6,15,116.4,162.3,0.0,0
36.140,4.7,0,79.5,-8.19,123.3,100,192.9,964,2.0,11.1,123.6,15,116.4,162.3,0.0,0
36.173,4.7,0,79.8,-8.17,123.3,100,192.9,960,2.1,11.2,123.6,15,116.4,162.3,0.0,0
36.201,4.7,0,79.8,-8.19,123.3,100,192.9,956,2.0,11.2,123.6,15,116.4,162.3,0.0,0
36.243,4.7,0,79.5,-8.18,123.3,100,192.9,953,2.0,11.2,123.6,15,116.4,162.3,0.0,0
36.290,4.7,0,79.5,-8.17,123.3,100,192.9,947,2.0,11.3,123.6,15,116.4,162.3,0.0,0
36.325,4.7,0,79.5,-8.15,123.3,100,192.9,952,2.0,11.3,123.6,15,116.4,162.3,0.0,0
36.361,4.7,0,79.5,-8.14,123.3,100,192.9,946,2.1,11.6,123.6,15,116.4,162.3,0.0,0
36.405,4.7,0,79.5,-8.14,123.3,100,192.9,946,2.1,11.6,123.6,15,116.4,162.3,0.0,0
36.449,4.7,0,79.5,-8.11,123.3,100,192.9,946,2.1,11.7,123.6,15,116.4,162.3,0.0,0
36.483,4.7,0,79.5,-8.10,123.3,100,192.9,944,2.1,11.9,123.6,15,116.4,162.3,0.0,0
36.528,4.7,0,79.5,-8.09,123.3,100,192.9,947,2.1,11.8,123.6,15,116.4,162.3,0.0,0
36.564,4.7,0,79.5,-8.09,123.3,100,192.9,947,2.2,12.0,123.6,15,116.4,162.3,0.0,0
36.609,4.7,0,79.5,-8.10,122.9,100,192.9,943,2.1,11.9,123.7,15,116.4,162.3,0.0,0
36.647,4.7,0,79.8,-8.10,122.9,100,192.9,951,2.2,11.9,123.7,15,116.4,162.3,0.0,0
36.692,4.7,0,79.8,-8.10,122.9,100,192.9,957,2.2,11.9,123.7,15,116.4,162.3,0.0,0
36.726,4.7,0,79.8,-8.09,122.9,100,192.9,954,2.2,12.1,123.7,15,116.4,162.3,0.0,0
36.769,4.7,0,79.8,-8.09,122.9,100,192.9,963,2.2,12.0,123.7,15,116.4,162.3,0.0,0
36.803,4.7,0,79.8,-8.09,122.9,100,192.9,960,2.2,12.1,123.7,15,116.4,162.3,0.0,0
36.841,4.7,0,79.8,-8.11,122.9,100,192.9,960,2.2,12.0,123.7,15,116.4,162.4,0.0,0
36.891,4.7,0,79.8,-8.11,122.9,100,192.9,963,2.2,12.1,123.7,15,116.4,162.4,0.0,0
36.925,4.7,0,79.5,-8.12,122.9,100,192.9,962,2.2,12.0,123.7,15,116.4,162.4,0.0,0
36.961,4.7,0,79.5,-8.12,122.9,100,192.9,956,2.1,11.8,123.7,15,116.4,162.4,0.0,0
37.005,4.7,0,79.5,-8.15,122.9,100,192.9,955,2.1,11.7,123.7,15,116.4,162.4,0.0,0
37.049,4.7,0,79.8,-8.15,122.7,100,192.9,949,2.1,11.7,123.7,15,116.4,162.4,0.0,0
37.088,4.7,0,79.8,-8.15,122.7,100,192.9,945,2.1,11.7,123.7,15,116.4,162.4,0.0,0
37.124,4.7,0,79.8,-8.14,122.7,100,192.9,936,2.1,11.9,123.7,15,116.4,162.4,0.0,0
37.169,4.7,0,79.8,-8.11,122.7,100,192.9,931,2.1,11.9,123.7,15,116.4,162.4,0.0,0
37.204,4.7,0,79.8,-8.10,122.7,100,193.1,931,2.1,12.0,123.7,15,116.4,162.4,0.0,0
37.247,4.7,0,79.8,-8.09,122.7,100,193.1,926,2.1,12.1,123.7,15,116.4,162.4,0.0,0
37.282,4.7,0,79.8,-8.07,122.7,100,193.1,929,2.2,12.2,123.7,15,116.4,162.4,0.0,0
